profile,calibration,sequence,one_start_gain_pct,region,time,capacity_gw
Historical O6 sweep 15,historical_inconsistent_demand_slopes,ch-row-apac-us-eu-af,0.5697381934536689,ch,2025,931.0
Historical O6 sweep 15,historical_inconsistent_demand_slopes,ch-row-apac-us-eu-af,0.5697381934536689,row,2025,293.0
Historical O6 sweep 15,historical_inconsistent_demand_slopes,ch-row-apac-us-eu-af,0.5697381934536689,apac,2025,110.0
Historical O6 sweep 15,historical_inconsistent_demand_slopes,ch-row-apac-us-eu-af,0.5697381934536689,us,2025,42.0
Historical O6 sweep 15,historical_inconsistent_demand_slopes,ch-row-apac-us-eu-af,0.5697381934536689,eu,2025,22.0
Historical O6 sweep 15,historical_inconsistent_demand_slopes,ch-row-apac-us-eu-af,0.5697381934536689,af,2025,3.4
Historical O6 sweep 15,historical_inconsistent_demand_slopes,ch-row-apac-us-eu-af,0.5697381934536689,ch,2030,670.1871262270815
Historical O6 sweep 15,historical_inconsistent_demand_slopes,ch-row-apac-us-eu-af,0.5697381934536689,row,2030,19.37298301454456
Historical O6 sweep 15,historical_inconsistent_demand_slopes,ch-row-apac-us-eu-af,0.5697381934536689,apac,2030,171.88064051488558
Historical O6 sweep 15,historical_inconsistent_demand_slopes,ch-row-apac-us-eu-af,0.5697381934536689,us,2030,0.003494463119402269
Historical O6 sweep 15,historical_inconsistent_demand_slopes,ch-row-apac-us-eu-af,0.5697381934536689,eu,2030,0.001032382055637271
Historical O6 sweep 15,historical_inconsistent_demand_slopes,ch-row-apac-us-eu-af,0.5697381934536689,af,2030,3.398648927301595
Historical O6 sweep 15,historical_inconsistent_demand_slopes,ch-row-apac-us-eu-af,0.5697381934536689,ch,2035,644.7836049623751
Historical O6 sweep 15,historical_inconsistent_demand_slopes,ch-row-apac-us-eu-af,0.5697381934536689,row,2035,19.198862775928802
Historical O6 sweep 15,historical_inconsistent_demand_slopes,ch-row-apac-us-eu-af,0.5697381934536689,apac,2035,230.6956939055868
Historical O6 sweep 15,historical_inconsistent_demand_slopes,ch-row-apac-us-eu-af,0.5697381934536689,us,2035,0.0025062435288469545
Historical O6 sweep 15,historical_inconsistent_demand_slopes,ch-row-apac-us-eu-af,0.5697381934536689,eu,2035,0.0002689626813635578
Historical O6 sweep 15,historical_inconsistent_demand_slopes,ch-row-apac-us-eu-af,0.5697381934536689,af,2035,0.006176008126435484
Historical O6 sweep 15,historical_inconsistent_demand_slopes,ch-row-apac-us-eu-af,0.5697381934536689,ch,2040,643.7118343167533
Historical O6 sweep 15,historical_inconsistent_demand_slopes,ch-row-apac-us-eu-af,0.5697381934536689,row,2040,18.974738947399786
Historical O6 sweep 15,historical_inconsistent_demand_slopes,ch-row-apac-us-eu-af,0.5697381934536689,apac,2040,280.6161455168514
Historical O6 sweep 15,historical_inconsistent_demand_slopes,ch-row-apac-us-eu-af,0.5697381934536689,us,2040,0.0016279481645587088
Historical O6 sweep 15,historical_inconsistent_demand_slopes,ch-row-apac-us-eu-af,0.5697381934536689,eu,2040,0.00014666075566073365
Historical O6 sweep 15,historical_inconsistent_demand_slopes,ch-row-apac-us-eu-af,0.5697381934536689,af,2040,0.006465702048133975
Corrected ch-af-apac-eu-row-us,corrected_demand_slopes,ch-af-apac-eu-row-us,0.8769550454759457,ch,2025,931.0
Corrected ch-af-apac-eu-row-us,corrected_demand_slopes,ch-af-apac-eu-row-us,0.8769550454759457,row,2025,293.0
Corrected ch-af-apac-eu-row-us,corrected_demand_slopes,ch-af-apac-eu-row-us,0.8769550454759457,apac,2025,110.0
Corrected ch-af-apac-eu-row-us,corrected_demand_slopes,ch-af-apac-eu-row-us,0.8769550454759457,us,2025,42.0
Corrected ch-af-apac-eu-row-us,corrected_demand_slopes,ch-af-apac-eu-row-us,0.8769550454759457,eu,2025,22.0
Corrected ch-af-apac-eu-row-us,corrected_demand_slopes,ch-af-apac-eu-row-us,0.8769550454759457,af,2025,3.4
Corrected ch-af-apac-eu-row-us,corrected_demand_slopes,ch-af-apac-eu-row-us,0.8769550454759457,ch,2030,673.9109482241645
Corrected ch-af-apac-eu-row-us,corrected_demand_slopes,ch-af-apac-eu-row-us,0.8769550454759457,row,2030,175.6469991330545
Corrected ch-af-apac-eu-row-us,corrected_demand_slopes,ch-af-apac-eu-row-us,0.8769550454759457,apac,2030,130.79712206178368
Corrected ch-af-apac-eu-row-us,corrected_demand_slopes,ch-af-apac-eu-row-us,0.8769550454759457,us,2030,1.7243845576331296e-05
Corrected ch-af-apac-eu-row-us,corrected_demand_slopes,ch-af-apac-eu-row-us,0.8769550454759457,eu,2030,1.883866929119904e-08
Corrected ch-af-apac-eu-row-us,corrected_demand_slopes,ch-af-apac-eu-row-us,0.8769550454759457,af,2030,5.899999990096906
Corrected ch-af-apac-eu-row-us,corrected_demand_slopes,ch-af-apac-eu-row-us,0.8769550454759457,ch,2035,637.1612105828387
Corrected ch-af-apac-eu-row-us,corrected_demand_slopes,ch-af-apac-eu-row-us,0.8769550454759457,row,2035,174.70336442132074
Corrected ch-af-apac-eu-row-us,corrected_demand_slopes,ch-af-apac-eu-row-us,0.8769550454759457,apac,2035,131.31619268221007
Corrected ch-af-apac-eu-row-us,corrected_demand_slopes,ch-af-apac-eu-row-us,0.8769550454759457,us,2035,1.7188427477258437e-05
Corrected ch-af-apac-eu-row-us,corrected_demand_slopes,ch-af-apac-eu-row-us,0.8769550454759457,eu,2035,1.748279557654776e-08
Corrected ch-af-apac-eu-row-us,corrected_demand_slopes,ch-af-apac-eu-row-us,0.8769550454759457,af,2035,8.399999985716246
Corrected ch-af-apac-eu-row-us,corrected_demand_slopes,ch-af-apac-eu-row-us,0.8769550454759457,ch,2040,616.3273099051216
Corrected ch-af-apac-eu-row-us,corrected_demand_slopes,ch-af-apac-eu-row-us,0.8769550454759457,row,2040,173.55764146877252
Corrected ch-af-apac-eu-row-us,corrected_demand_slopes,ch-af-apac-eu-row-us,0.8769550454759457,apac,2040,53.15189172271414
Corrected ch-af-apac-eu-row-us,corrected_demand_slopes,ch-af-apac-eu-row-us,0.8769550454759457,us,2040,4.1232997619300213e-07
Corrected ch-af-apac-eu-row-us,corrected_demand_slopes,ch-af-apac-eu-row-us,0.8769550454759457,eu,2040,1.7285613655622023e-08
Corrected ch-af-apac-eu-row-us,corrected_demand_slopes,ch-af-apac-eu-row-us,0.8769550454759457,af,2040,10.89999998117354
Corrected ch-af-eu-us-row-apac,corrected_demand_slopes,ch-af-eu-us-row-apac,0.7641337316175635,ch,2025,931.0
Corrected ch-af-eu-us-row-apac,corrected_demand_slopes,ch-af-eu-us-row-apac,0.7641337316175635,row,2025,293.0
Corrected ch-af-eu-us-row-apac,corrected_demand_slopes,ch-af-eu-us-row-apac,0.7641337316175635,apac,2025,110.0
Corrected ch-af-eu-us-row-apac,corrected_demand_slopes,ch-af-eu-us-row-apac,0.7641337316175635,us,2025,42.0
Corrected ch-af-eu-us-row-apac,corrected_demand_slopes,ch-af-eu-us-row-apac,0.7641337316175635,eu,2025,22.0
Corrected ch-af-eu-us-row-apac,corrected_demand_slopes,ch-af-eu-us-row-apac,0.7641337316175635,af,2025,3.4
Corrected ch-af-eu-us-row-apac,corrected_demand_slopes,ch-af-eu-us-row-apac,0.7641337316175635,ch,2030,761.9249369185795
Corrected ch-af-eu-us-row-apac,corrected_demand_slopes,ch-af-eu-us-row-apac,0.7641337316175635,row,2030,134.13394386282235
Corrected ch-af-eu-us-row-apac,corrected_demand_slopes,ch-af-eu-us-row-apac,0.7641337316175635,apac,2030,166.53745740499917
Corrected ch-af-eu-us-row-apac,corrected_demand_slopes,ch-af-eu-us-row-apac,0.7641337316175635,us,2030,7.567477815939583e-06
Corrected ch-af-eu-us-row-apac,corrected_demand_slopes,ch-af-eu-us-row-apac,0.7641337316175635,eu,2030,3.0684779872558465e-07
Corrected ch-af-eu-us-row-apac,corrected_demand_slopes,ch-af-eu-us-row-apac,0.7641337316175635,af,2030,5.899999823918562
Corrected ch-af-eu-us-row-apac,corrected_demand_slopes,ch-af-eu-us-row-apac,0.7641337316175635,ch,2035,760.7866734665937
Corrected ch-af-eu-us-row-apac,corrected_demand_slopes,ch-af-eu-us-row-apac,0.7641337316175635,row,2035,132.73067397604723
Corrected ch-af-eu-us-row-apac,corrected_demand_slopes,ch-af-eu-us-row-apac,0.7641337316175635,apac,2035,178.94047992763524
Corrected ch-af-eu-us-row-apac,corrected_demand_slopes,ch-af-eu-us-row-apac,0.7641337316175635,us,2035,6.714407956968904e-06
Corrected ch-af-eu-us-row-apac,corrected_demand_slopes,ch-af-eu-us-row-apac,0.7641337316175635,eu,2035,2.8599631950302977e-07
Corrected ch-af-eu-us-row-apac,corrected_demand_slopes,ch-af-eu-us-row-apac,0.7641337316175635,af,2035,8.399999740102086
Corrected ch-af-eu-us-row-apac,corrected_demand_slopes,ch-af-eu-us-row-apac,0.7641337316175635,ch,2040,760.043075948549
Corrected ch-af-eu-us-row-apac,corrected_demand_slopes,ch-af-eu-us-row-apac,0.7641337316175635,row,2040,132.67210306957074
Corrected ch-af-eu-us-row-apac,corrected_demand_slopes,ch-af-eu-us-row-apac,0.7641337316175635,apac,2040,36.32427768350618
Corrected ch-af-eu-us-row-apac,corrected_demand_slopes,ch-af-eu-us-row-apac,0.7641337316175635,us,2040,6.6952168309171225e-06
Corrected ch-af-eu-us-row-apac,corrected_demand_slopes,ch-af-eu-us-row-apac,0.7641337316175635,eu,2040,2.836522694036151e-07
Corrected ch-af-eu-us-row-apac,corrected_demand_slopes,ch-af-eu-us-row-apac,0.7641337316175635,af,2040,10.8999996562858
Corrected ch-row-apac-us-eu-af,corrected_demand_slopes,ch-row-apac-us-eu-af,0.9927393506884905,ch,2025,931.0
Corrected ch-row-apac-us-eu-af,corrected_demand_slopes,ch-row-apac-us-eu-af,0.9927393506884905,row,2025,293.0
Corrected ch-row-apac-us-eu-af,corrected_demand_slopes,ch-row-apac-us-eu-af,0.9927393506884905,apac,2025,110.0
Corrected ch-row-apac-us-eu-af,corrected_demand_slopes,ch-row-apac-us-eu-af,0.9927393506884905,us,2025,42.0
Corrected ch-row-apac-us-eu-af,corrected_demand_slopes,ch-row-apac-us-eu-af,0.9927393506884905,eu,2025,22.0
Corrected ch-row-apac-us-eu-af,corrected_demand_slopes,ch-row-apac-us-eu-af,0.9927393506884905,af,2025,3.4
Corrected ch-row-apac-us-eu-af,corrected_demand_slopes,ch-row-apac-us-eu-af,0.9927393506884905,ch,2030,645.073614252758
Corrected ch-row-apac-us-eu-af,corrected_demand_slopes,ch-row-apac-us-eu-af,0.9927393506884905,row,2030,224.40946005960384
Corrected ch-row-apac-us-eu-af,corrected_demand_slopes,ch-row-apac-us-eu-af,0.9927393506884905,apac,2030,156.19596000829404
Corrected ch-row-apac-us-eu-af,corrected_demand_slopes,ch-row-apac-us-eu-af,0.9927393506884905,us,2030,2.945633355011523e-07
Corrected ch-row-apac-us-eu-af,corrected_demand_slopes,ch-row-apac-us-eu-af,0.9927393506884905,eu,2030,1.559051554522739e-08
Corrected ch-row-apac-us-eu-af,corrected_demand_slopes,ch-row-apac-us-eu-af,0.9927393506884905,af,2030,5.89999999410851
Corrected ch-row-apac-us-eu-af,corrected_demand_slopes,ch-row-apac-us-eu-af,0.9927393506884905,ch,2035,642.6946363707364
Corrected ch-row-apac-us-eu-af,corrected_demand_slopes,ch-row-apac-us-eu-af,0.9927393506884905,row,2035,224.036980928239
Corrected ch-row-apac-us-eu-af,corrected_demand_slopes,ch-row-apac-us-eu-af,0.9927393506884905,apac,2035,193.5853448493758
Corrected ch-row-apac-us-eu-af,corrected_demand_slopes,ch-row-apac-us-eu-af,0.9927393506884905,us,2035,2.602698972705291e-07
Corrected ch-row-apac-us-eu-af,corrected_demand_slopes,ch-row-apac-us-eu-af,0.9927393506884905,eu,2035,1.3837711490511132e-08
Corrected ch-row-apac-us-eu-af,corrected_demand_slopes,ch-row-apac-us-eu-af,0.9927393506884905,af,2035,8.399999991780845
Corrected ch-row-apac-us-eu-af,corrected_demand_slopes,ch-row-apac-us-eu-af,0.9927393506884905,ch,2040,637.6081900191828
Corrected ch-row-apac-us-eu-af,corrected_demand_slopes,ch-row-apac-us-eu-af,0.9927393506884905,row,2040,232.69173610673553
Corrected ch-row-apac-us-eu-af,corrected_demand_slopes,ch-row-apac-us-eu-af,0.9927393506884905,apac,2040,46.258732840387864
Corrected ch-row-apac-us-eu-af,corrected_demand_slopes,ch-row-apac-us-eu-af,0.9927393506884905,us,2040,2.594445963348549e-07
Corrected ch-row-apac-us-eu-af,corrected_demand_slopes,ch-row-apac-us-eu-af,0.9927393506884905,eu,2040,1.3119939453208346e-08
Corrected ch-row-apac-us-eu-af,corrected_demand_slopes,ch-row-apac-us-eu-af,0.9927393506884905,af,2040,10.89999995840748
