candidate,candidate_code,sequence,order,branch,origin,price_factor,capacity_weight,damping,selected_sweep,max_gain_percent,limiting_player,multistart_status,region,region_label,year,price_usd_per_kw
ch-af-apac-eu-row-us/pf080_k100_a030,CH-pf080_k100_a030,ch-af-apac-eu-row-us,CH-first,pf080_k100_a030,low_price_reinitialization,0.8,1,0.3,13,0.9271650271,apac,not_yet_audited,ch,China,2025,163.324
ch-af-apac-eu-row-us/pf080_k100_a030,CH-pf080_k100_a030,ch-af-apac-eu-row-us,CH-first,pf080_k100_a030,low_price_reinitialization,0.8,1,0.3,13,0.9271650271,apac,not_yet_audited,af,Africa,2025,248.5090571
ch-af-apac-eu-row-us/pf080_k100_a030,CH-pf080_k100_a030,ch-af-apac-eu-row-us,CH-first,pf080_k100_a030,low_price_reinitialization,0.8,1,0.3,13,0.9271650271,apac,not_yet_audited,eu,EU,2025,294.1733321
ch-af-apac-eu-row-us/pf080_k100_a030,CH-pf080_k100_a030,ch-af-apac-eu-row-us,CH-first,pf080_k100_a030,low_price_reinitialization,0.8,1,0.3,13,0.9271650271,apac,not_yet_audited,us,US,2025,293.7491228
ch-af-apac-eu-row-us/pf080_k100_a030,CH-pf080_k100_a030,ch-af-apac-eu-row-us,CH-first,pf080_k100_a030,low_price_reinitialization,0.8,1,0.3,13,0.9271650271,apac,not_yet_audited,apac,APAC,2025,194.534241
ch-af-apac-eu-row-us/pf080_k100_a030,CH-pf080_k100_a030,ch-af-apac-eu-row-us,CH-first,pf080_k100_a030,low_price_reinitialization,0.8,1,0.3,13,0.9271650271,apac,not_yet_audited,row,ROW,2025,293.5978116
ch-af-apac-eu-row-us/pf080_k100_a030,CH-pf080_k100_a030,ch-af-apac-eu-row-us,CH-first,pf080_k100_a030,low_price_reinitialization,0.8,1,0.3,13,0.9271650271,apac,not_yet_audited,ch,China,2030,107.7909239
ch-af-apac-eu-row-us/pf080_k100_a030,CH-pf080_k100_a030,ch-af-apac-eu-row-us,CH-first,pf080_k100_a030,low_price_reinitialization,0.8,1,0.3,13,0.9271650271,apac,not_yet_audited,af,Africa,2030,229.717223
ch-af-apac-eu-row-us/pf080_k100_a030,CH-pf080_k100_a030,ch-af-apac-eu-row-us,CH-first,pf080_k100_a030,low_price_reinitialization,0.8,1,0.3,13,0.9271650271,apac,not_yet_audited,eu,EU,2030,255.5057732
ch-af-apac-eu-row-us/pf080_k100_a030,CH-pf080_k100_a030,ch-af-apac-eu-row-us,CH-first,pf080_k100_a030,low_price_reinitialization,0.8,1,0.3,13,0.9271650271,apac,not_yet_audited,us,US,2030,248.9109143
ch-af-apac-eu-row-us/pf080_k100_a030,CH-pf080_k100_a030,ch-af-apac-eu-row-us,CH-first,pf080_k100_a030,low_price_reinitialization,0.8,1,0.3,13,0.9271650271,apac,not_yet_audited,apac,APAC,2030,136.9022271
ch-af-apac-eu-row-us/pf080_k100_a030,CH-pf080_k100_a030,ch-af-apac-eu-row-us,CH-first,pf080_k100_a030,low_price_reinitialization,0.8,1,0.3,13,0.9271650271,apac,not_yet_audited,row,ROW,2030,252.7077959
ch-af-apac-eu-row-us/pf080_k100_a030,CH-pf080_k100_a030,ch-af-apac-eu-row-us,CH-first,pf080_k100_a030,low_price_reinitialization,0.8,1,0.3,13,0.9271650271,apac,not_yet_audited,ch,China,2035,95.908833
ch-af-apac-eu-row-us/pf080_k100_a030,CH-pf080_k100_a030,ch-af-apac-eu-row-us,CH-first,pf080_k100_a030,low_price_reinitialization,0.8,1,0.3,13,0.9271650271,apac,not_yet_audited,af,Africa,2035,189.8925819
ch-af-apac-eu-row-us/pf080_k100_a030,CH-pf080_k100_a030,ch-af-apac-eu-row-us,CH-first,pf080_k100_a030,low_price_reinitialization,0.8,1,0.3,13,0.9271650271,apac,not_yet_audited,eu,EU,2035,205.1420616
ch-af-apac-eu-row-us/pf080_k100_a030,CH-pf080_k100_a030,ch-af-apac-eu-row-us,CH-first,pf080_k100_a030,low_price_reinitialization,0.8,1,0.3,13,0.9271650271,apac,not_yet_audited,us,US,2035,206.3403643
ch-af-apac-eu-row-us/pf080_k100_a030,CH-pf080_k100_a030,ch-af-apac-eu-row-us,CH-first,pf080_k100_a030,low_price_reinitialization,0.8,1,0.3,13,0.9271650271,apac,not_yet_audited,apac,APAC,2035,112.1078515
ch-af-apac-eu-row-us/pf080_k100_a030,CH-pf080_k100_a030,ch-af-apac-eu-row-us,CH-first,pf080_k100_a030,low_price_reinitialization,0.8,1,0.3,13,0.9271650271,apac,not_yet_audited,row,ROW,2035,205.4820897
ch-af-apac-eu-row-us/pf080_k100_a030,CH-pf080_k100_a030,ch-af-apac-eu-row-us,CH-first,pf080_k100_a030,low_price_reinitialization,0.8,1,0.3,13,0.9271650271,apac,not_yet_audited,ch,China,2040,86.65125723
ch-af-apac-eu-row-us/pf080_k100_a030,CH-pf080_k100_a030,ch-af-apac-eu-row-us,CH-first,pf080_k100_a030,low_price_reinitialization,0.8,1,0.3,13,0.9271650271,apac,not_yet_audited,af,Africa,2040,248.0473843
ch-af-apac-eu-row-us/pf080_k100_a030,CH-pf080_k100_a030,ch-af-apac-eu-row-us,CH-first,pf080_k100_a030,low_price_reinitialization,0.8,1,0.3,13,0.9271650271,apac,not_yet_audited,eu,EU,2040,263.374174
ch-af-apac-eu-row-us/pf080_k100_a030,CH-pf080_k100_a030,ch-af-apac-eu-row-us,CH-first,pf080_k100_a030,low_price_reinitialization,0.8,1,0.3,13,0.9271650271,apac,not_yet_audited,us,US,2040,264.0194964
ch-af-apac-eu-row-us/pf080_k100_a030,CH-pf080_k100_a030,ch-af-apac-eu-row-us,CH-first,pf080_k100_a030,low_price_reinitialization,0.8,1,0.3,13,0.9271650271,apac,not_yet_audited,apac,APAC,2040,110.2384394
ch-af-apac-eu-row-us/pf080_k100_a030,CH-pf080_k100_a030,ch-af-apac-eu-row-us,CH-first,pf080_k100_a030,low_price_reinitialization,0.8,1,0.3,13,0.9271650271,apac,not_yet_audited,row,ROW,2040,262.6043112
ch-af-apac-eu-row-us/pf080_k100_a040,CH-pf080_k100_a040,ch-af-apac-eu-row-us,CH-first,pf080_k100_a040,low_price_reinitialization,0.8,1,0.4,12,0.6054652146,ch,not_yet_audited,ch,China,2025,163.324
ch-af-apac-eu-row-us/pf080_k100_a040,CH-pf080_k100_a040,ch-af-apac-eu-row-us,CH-first,pf080_k100_a040,low_price_reinitialization,0.8,1,0.4,12,0.6054652146,ch,not_yet_audited,af,Africa,2025,265.8118586
ch-af-apac-eu-row-us/pf080_k100_a040,CH-pf080_k100_a040,ch-af-apac-eu-row-us,CH-first,pf080_k100_a040,low_price_reinitialization,0.8,1,0.4,12,0.6054652146,ch,not_yet_audited,eu,EU,2025,286.9743891
ch-af-apac-eu-row-us/pf080_k100_a040,CH-pf080_k100_a040,ch-af-apac-eu-row-us,CH-first,pf080_k100_a040,low_price_reinitialization,0.8,1,0.4,12,0.6054652146,ch,not_yet_audited,us,US,2025,282.7344765
ch-af-apac-eu-row-us/pf080_k100_a040,CH-pf080_k100_a040,ch-af-apac-eu-row-us,CH-first,pf080_k100_a040,low_price_reinitialization,0.8,1,0.4,12,0.6054652146,ch,not_yet_audited,apac,APAC,2025,196.6829843
ch-af-apac-eu-row-us/pf080_k100_a040,CH-pf080_k100_a040,ch-af-apac-eu-row-us,CH-first,pf080_k100_a040,low_price_reinitialization,0.8,1,0.4,12,0.6054652146,ch,not_yet_audited,row,ROW,2025,293.4566154
ch-af-apac-eu-row-us/pf080_k100_a040,CH-pf080_k100_a040,ch-af-apac-eu-row-us,CH-first,pf080_k100_a040,low_price_reinitialization,0.8,1,0.4,12,0.6054652146,ch,not_yet_audited,ch,China,2030,107.7909238
ch-af-apac-eu-row-us/pf080_k100_a040,CH-pf080_k100_a040,ch-af-apac-eu-row-us,CH-first,pf080_k100_a040,low_price_reinitialization,0.8,1,0.4,12,0.6054652146,ch,not_yet_audited,af,Africa,2030,233.6756354
ch-af-apac-eu-row-us/pf080_k100_a040,CH-pf080_k100_a040,ch-af-apac-eu-row-us,CH-first,pf080_k100_a040,low_price_reinitialization,0.8,1,0.4,12,0.6054652146,ch,not_yet_audited,eu,EU,2030,262.6035854
ch-af-apac-eu-row-us/pf080_k100_a040,CH-pf080_k100_a040,ch-af-apac-eu-row-us,CH-first,pf080_k100_a040,low_price_reinitialization,0.8,1,0.4,12,0.6054652146,ch,not_yet_audited,us,US,2030,258.1055198
ch-af-apac-eu-row-us/pf080_k100_a040,CH-pf080_k100_a040,ch-af-apac-eu-row-us,CH-first,pf080_k100_a040,low_price_reinitialization,0.8,1,0.4,12,0.6054652146,ch,not_yet_audited,apac,APAC,2030,137.686444
ch-af-apac-eu-row-us/pf080_k100_a040,CH-pf080_k100_a040,ch-af-apac-eu-row-us,CH-first,pf080_k100_a040,low_price_reinitialization,0.8,1,0.4,12,0.6054652146,ch,not_yet_audited,row,ROW,2030,262.1027404
ch-af-apac-eu-row-us/pf080_k100_a040,CH-pf080_k100_a040,ch-af-apac-eu-row-us,CH-first,pf080_k100_a040,low_price_reinitialization,0.8,1,0.4,12,0.6054652146,ch,not_yet_audited,ch,China,2035,95.90883301
ch-af-apac-eu-row-us/pf080_k100_a040,CH-pf080_k100_a040,ch-af-apac-eu-row-us,CH-first,pf080_k100_a040,low_price_reinitialization,0.8,1,0.4,12,0.6054652146,ch,not_yet_audited,af,Africa,2035,213.2704006
ch-af-apac-eu-row-us/pf080_k100_a040,CH-pf080_k100_a040,ch-af-apac-eu-row-us,CH-first,pf080_k100_a040,low_price_reinitialization,0.8,1,0.4,12,0.6054652146,ch,not_yet_audited,eu,EU,2035,230.637587
ch-af-apac-eu-row-us/pf080_k100_a040,CH-pf080_k100_a040,ch-af-apac-eu-row-us,CH-first,pf080_k100_a040,low_price_reinitialization,0.8,1,0.4,12,0.6054652146,ch,not_yet_audited,us,US,2035,225.5668806
ch-af-apac-eu-row-us/pf080_k100_a040,CH-pf080_k100_a040,ch-af-apac-eu-row-us,CH-first,pf080_k100_a040,low_price_reinitialization,0.8,1,0.4,12,0.6054652146,ch,not_yet_audited,apac,APAC,2035,121.6520926
ch-af-apac-eu-row-us/pf080_k100_a040,CH-pf080_k100_a040,ch-af-apac-eu-row-us,CH-first,pf080_k100_a040,low_price_reinitialization,0.8,1,0.4,12,0.6054652146,ch,not_yet_audited,row,ROW,2035,231.802103
ch-af-apac-eu-row-us/pf080_k100_a040,CH-pf080_k100_a040,ch-af-apac-eu-row-us,CH-first,pf080_k100_a040,low_price_reinitialization,0.8,1,0.4,12,0.6054652146,ch,not_yet_audited,ch,China,2040,86.65125723
ch-af-apac-eu-row-us/pf080_k100_a040,CH-pf080_k100_a040,ch-af-apac-eu-row-us,CH-first,pf080_k100_a040,low_price_reinitialization,0.8,1,0.4,12,0.6054652146,ch,not_yet_audited,af,Africa,2040,197.308738
ch-af-apac-eu-row-us/pf080_k100_a040,CH-pf080_k100_a040,ch-af-apac-eu-row-us,CH-first,pf080_k100_a040,low_price_reinitialization,0.8,1,0.4,12,0.6054652146,ch,not_yet_audited,eu,EU,2040,198.1786879
ch-af-apac-eu-row-us/pf080_k100_a040,CH-pf080_k100_a040,ch-af-apac-eu-row-us,CH-first,pf080_k100_a040,low_price_reinitialization,0.8,1,0.4,12,0.6054652146,ch,not_yet_audited,us,US,2040,198.2503898
ch-af-apac-eu-row-us/pf080_k100_a040,CH-pf080_k100_a040,ch-af-apac-eu-row-us,CH-first,pf080_k100_a040,low_price_reinitialization,0.8,1,0.4,12,0.6054652146,ch,not_yet_audited,apac,APAC,2040,102.7564173
ch-af-apac-eu-row-us/pf080_k100_a040,CH-pf080_k100_a040,ch-af-apac-eu-row-us,CH-first,pf080_k100_a040,low_price_reinitialization,0.8,1,0.4,12,0.6054652146,ch,not_yet_audited,row,ROW,2040,208.1620858
ch-af-apac-eu-row-us/pf100_k050_a030,CH-pf100_k050_a030,ch-af-apac-eu-row-us,CH-first,pf100_k050_a030,older_ch_first,1,0.5,0.3,14,0.5181402831,apac,fails_1_percent,ch,China,2025,163.324
ch-af-apac-eu-row-us/pf100_k050_a030,CH-pf100_k050_a030,ch-af-apac-eu-row-us,CH-first,pf100_k050_a030,older_ch_first,1,0.5,0.3,14,0.5181402831,apac,fails_1_percent,af,Africa,2025,260.8121011
ch-af-apac-eu-row-us/pf100_k050_a030,CH-pf100_k050_a030,ch-af-apac-eu-row-us,CH-first,pf100_k050_a030,older_ch_first,1,0.5,0.3,14,0.5181402831,apac,fails_1_percent,eu,EU,2025,298.7754639
ch-af-apac-eu-row-us/pf100_k050_a030,CH-pf100_k050_a030,ch-af-apac-eu-row-us,CH-first,pf100_k050_a030,older_ch_first,1,0.5,0.3,14,0.5181402831,apac,fails_1_percent,us,US,2025,294.302859
ch-af-apac-eu-row-us/pf100_k050_a030,CH-pf100_k050_a030,ch-af-apac-eu-row-us,CH-first,pf100_k050_a030,older_ch_first,1,0.5,0.3,14,0.5181402831,apac,fails_1_percent,apac,APAC,2025,194.3398745
ch-af-apac-eu-row-us/pf100_k050_a030,CH-pf100_k050_a030,ch-af-apac-eu-row-us,CH-first,pf100_k050_a030,older_ch_first,1,0.5,0.3,14,0.5181402831,apac,fails_1_percent,row,ROW,2025,300.7549703
ch-af-apac-eu-row-us/pf100_k050_a030,CH-pf100_k050_a030,ch-af-apac-eu-row-us,CH-first,pf100_k050_a030,older_ch_first,1,0.5,0.3,14,0.5181402831,apac,fails_1_percent,ch,China,2030,107.7909238
ch-af-apac-eu-row-us/pf100_k050_a030,CH-pf100_k050_a030,ch-af-apac-eu-row-us,CH-first,pf100_k050_a030,older_ch_first,1,0.5,0.3,14,0.5181402831,apac,fails_1_percent,af,Africa,2030,218.3106854
ch-af-apac-eu-row-us/pf100_k050_a030,CH-pf100_k050_a030,ch-af-apac-eu-row-us,CH-first,pf100_k050_a030,older_ch_first,1,0.5,0.3,14,0.5181402831,apac,fails_1_percent,eu,EU,2030,234.8948133
ch-af-apac-eu-row-us/pf100_k050_a030,CH-pf100_k050_a030,ch-af-apac-eu-row-us,CH-first,pf100_k050_a030,older_ch_first,1,0.5,0.3,14,0.5181402831,apac,fails_1_percent,us,US,2030,226.4980414
ch-af-apac-eu-row-us/pf100_k050_a030,CH-pf100_k050_a030,ch-af-apac-eu-row-us,CH-first,pf100_k050_a030,older_ch_first,1,0.5,0.3,14,0.5181402831,apac,fails_1_percent,apac,APAC,2030,127.7670073
ch-af-apac-eu-row-us/pf100_k050_a030,CH-pf100_k050_a030,ch-af-apac-eu-row-us,CH-first,pf100_k050_a030,older_ch_first,1,0.5,0.3,14,0.5181402831,apac,fails_1_percent,row,ROW,2030,231.9799622
ch-af-apac-eu-row-us/pf100_k050_a030,CH-pf100_k050_a030,ch-af-apac-eu-row-us,CH-first,pf100_k050_a030,older_ch_first,1,0.5,0.3,14,0.5181402831,apac,fails_1_percent,ch,China,2035,95.908833
ch-af-apac-eu-row-us/pf100_k050_a030,CH-pf100_k050_a030,ch-af-apac-eu-row-us,CH-first,pf100_k050_a030,older_ch_first,1,0.5,0.3,14,0.5181402831,apac,fails_1_percent,af,Africa,2035,201.8390297
ch-af-apac-eu-row-us/pf100_k050_a030,CH-pf100_k050_a030,ch-af-apac-eu-row-us,CH-first,pf100_k050_a030,older_ch_first,1,0.5,0.3,14,0.5181402831,apac,fails_1_percent,eu,EU,2035,210.7175879
ch-af-apac-eu-row-us/pf100_k050_a030,CH-pf100_k050_a030,ch-af-apac-eu-row-us,CH-first,pf100_k050_a030,older_ch_first,1,0.5,0.3,14,0.5181402831,apac,fails_1_percent,us,US,2035,203.2456008
ch-af-apac-eu-row-us/pf100_k050_a030,CH-pf100_k050_a030,ch-af-apac-eu-row-us,CH-first,pf100_k050_a030,older_ch_first,1,0.5,0.3,14,0.5181402831,apac,fails_1_percent,apac,APAC,2035,112.9322959
ch-af-apac-eu-row-us/pf100_k050_a030,CH-pf100_k050_a030,ch-af-apac-eu-row-us,CH-first,pf100_k050_a030,older_ch_first,1,0.5,0.3,14,0.5181402831,apac,fails_1_percent,row,ROW,2035,206.5179411
ch-af-apac-eu-row-us/pf100_k050_a030,CH-pf100_k050_a030,ch-af-apac-eu-row-us,CH-first,pf100_k050_a030,older_ch_first,1,0.5,0.3,14,0.5181402831,apac,fails_1_percent,ch,China,2040,86.65125725
ch-af-apac-eu-row-us/pf100_k050_a030,CH-pf100_k050_a030,ch-af-apac-eu-row-us,CH-first,pf100_k050_a030,older_ch_first,1,0.5,0.3,14,0.5181402831,apac,fails_1_percent,af,Africa,2040,186.1944916
ch-af-apac-eu-row-us/pf100_k050_a030,CH-pf100_k050_a030,ch-af-apac-eu-row-us,CH-first,pf100_k050_a030,older_ch_first,1,0.5,0.3,14,0.5181402831,apac,fails_1_percent,eu,EU,2040,189.4138606
ch-af-apac-eu-row-us/pf100_k050_a030,CH-pf100_k050_a030,ch-af-apac-eu-row-us,CH-first,pf100_k050_a030,older_ch_first,1,0.5,0.3,14,0.5181402831,apac,fails_1_percent,us,US,2040,185.9879674
ch-af-apac-eu-row-us/pf100_k050_a030,CH-pf100_k050_a030,ch-af-apac-eu-row-us,CH-first,pf100_k050_a030,older_ch_first,1,0.5,0.3,14,0.5181402831,apac,fails_1_percent,apac,APAC,2040,100.5362995
ch-af-apac-eu-row-us/pf100_k050_a030,CH-pf100_k050_a030,ch-af-apac-eu-row-us,CH-first,pf100_k050_a030,older_ch_first,1,0.5,0.3,14,0.5181402831,apac,fails_1_percent,row,ROW,2040,186.2691921
ch-af-apac-eu-row-us/pf100_k050_a040,CH-pf100_k050_a040,ch-af-apac-eu-row-us,CH-first,pf100_k050_a040,older_ch_first,1,0.5,0.4,10,0.5336679649,apac,fails_1_percent,ch,China,2025,163.324
ch-af-apac-eu-row-us/pf100_k050_a040,CH-pf100_k050_a040,ch-af-apac-eu-row-us,CH-first,pf100_k050_a040,older_ch_first,1,0.5,0.4,10,0.5336679649,apac,fails_1_percent,af,Africa,2025,255.0184866
ch-af-apac-eu-row-us/pf100_k050_a040,CH-pf100_k050_a040,ch-af-apac-eu-row-us,CH-first,pf100_k050_a040,older_ch_first,1,0.5,0.4,10,0.5336679649,apac,fails_1_percent,eu,EU,2025,298.4282334
ch-af-apac-eu-row-us/pf100_k050_a040,CH-pf100_k050_a040,ch-af-apac-eu-row-us,CH-first,pf100_k050_a040,older_ch_first,1,0.5,0.4,10,0.5336679649,apac,fails_1_percent,us,US,2025,294.2496137
ch-af-apac-eu-row-us/pf100_k050_a040,CH-pf100_k050_a040,ch-af-apac-eu-row-us,CH-first,pf100_k050_a040,older_ch_first,1,0.5,0.4,10,0.5336679649,apac,fails_1_percent,apac,APAC,2025,191.2420984
ch-af-apac-eu-row-us/pf100_k050_a040,CH-pf100_k050_a040,ch-af-apac-eu-row-us,CH-first,pf100_k050_a040,older_ch_first,1,0.5,0.4,10,0.5336679649,apac,fails_1_percent,row,ROW,2025,300.5606033
ch-af-apac-eu-row-us/pf100_k050_a040,CH-pf100_k050_a040,ch-af-apac-eu-row-us,CH-first,pf100_k050_a040,older_ch_first,1,0.5,0.4,10,0.5336679649,apac,fails_1_percent,ch,China,2030,107.7909238
ch-af-apac-eu-row-us/pf100_k050_a040,CH-pf100_k050_a040,ch-af-apac-eu-row-us,CH-first,pf100_k050_a040,older_ch_first,1,0.5,0.4,10,0.5336679649,apac,fails_1_percent,af,Africa,2030,209.4346208
ch-af-apac-eu-row-us/pf100_k050_a040,CH-pf100_k050_a040,ch-af-apac-eu-row-us,CH-first,pf100_k050_a040,older_ch_first,1,0.5,0.4,10,0.5336679649,apac,fails_1_percent,eu,EU,2030,224.6024887
ch-af-apac-eu-row-us/pf100_k050_a040,CH-pf100_k050_a040,ch-af-apac-eu-row-us,CH-first,pf100_k050_a040,older_ch_first,1,0.5,0.4,10,0.5336679649,apac,fails_1_percent,us,US,2030,215.3386748
ch-af-apac-eu-row-us/pf100_k050_a040,CH-pf100_k050_a040,ch-af-apac-eu-row-us,CH-first,pf100_k050_a040,older_ch_first,1,0.5,0.4,10,0.5336679649,apac,fails_1_percent,apac,APAC,2030,128.4961228
ch-af-apac-eu-row-us/pf100_k050_a040,CH-pf100_k050_a040,ch-af-apac-eu-row-us,CH-first,pf100_k050_a040,older_ch_first,1,0.5,0.4,10,0.5336679649,apac,fails_1_percent,row,ROW,2030,222.0223014
ch-af-apac-eu-row-us/pf100_k050_a040,CH-pf100_k050_a040,ch-af-apac-eu-row-us,CH-first,pf100_k050_a040,older_ch_first,1,0.5,0.4,10,0.5336679649,apac,fails_1_percent,ch,China,2035,95.90883302
ch-af-apac-eu-row-us/pf100_k050_a040,CH-pf100_k050_a040,ch-af-apac-eu-row-us,CH-first,pf100_k050_a040,older_ch_first,1,0.5,0.4,10,0.5336679649,apac,fails_1_percent,af,Africa,2035,206.9650087
ch-af-apac-eu-row-us/pf100_k050_a040,CH-pf100_k050_a040,ch-af-apac-eu-row-us,CH-first,pf100_k050_a040,older_ch_first,1,0.5,0.4,10,0.5336679649,apac,fails_1_percent,eu,EU,2035,213.527269
ch-af-apac-eu-row-us/pf100_k050_a040,CH-pf100_k050_a040,ch-af-apac-eu-row-us,CH-first,pf100_k050_a040,older_ch_first,1,0.5,0.4,10,0.5336679649,apac,fails_1_percent,us,US,2035,209.4415588
ch-af-apac-eu-row-us/pf100_k050_a040,CH-pf100_k050_a040,ch-af-apac-eu-row-us,CH-first,pf100_k050_a040,older_ch_first,1,0.5,0.4,10,0.5336679649,apac,fails_1_percent,apac,APAC,2035,112.6918255
ch-af-apac-eu-row-us/pf100_k050_a040,CH-pf100_k050_a040,ch-af-apac-eu-row-us,CH-first,pf100_k050_a040,older_ch_first,1,0.5,0.4,10,0.5336679649,apac,fails_1_percent,row,ROW,2035,206.8568718
ch-af-apac-eu-row-us/pf100_k050_a040,CH-pf100_k050_a040,ch-af-apac-eu-row-us,CH-first,pf100_k050_a040,older_ch_first,1,0.5,0.4,10,0.5336679649,apac,fails_1_percent,ch,China,2040,86.65125723
ch-af-apac-eu-row-us/pf100_k050_a040,CH-pf100_k050_a040,ch-af-apac-eu-row-us,CH-first,pf100_k050_a040,older_ch_first,1,0.5,0.4,10,0.5336679649,apac,fails_1_percent,af,Africa,2040,181.4327493
ch-af-apac-eu-row-us/pf100_k050_a040,CH-pf100_k050_a040,ch-af-apac-eu-row-us,CH-first,pf100_k050_a040,older_ch_first,1,0.5,0.4,10,0.5336679649,apac,fails_1_percent,eu,EU,2040,194.3381187
ch-af-apac-eu-row-us/pf100_k050_a040,CH-pf100_k050_a040,ch-af-apac-eu-row-us,CH-first,pf100_k050_a040,older_ch_first,1,0.5,0.4,10,0.5336679649,apac,fails_1_percent,us,US,2040,187.7154329
ch-af-apac-eu-row-us/pf100_k050_a040,CH-pf100_k050_a040,ch-af-apac-eu-row-us,CH-first,pf100_k050_a040,older_ch_first,1,0.5,0.4,10,0.5336679649,apac,fails_1_percent,apac,APAC,2040,100.6534358
ch-af-apac-eu-row-us/pf100_k050_a040,CH-pf100_k050_a040,ch-af-apac-eu-row-us,CH-first,pf100_k050_a040,older_ch_first,1,0.5,0.4,10,0.5336679649,apac,fails_1_percent,row,ROW,2040,186.4597672
ch-af-apac-eu-row-us/pf100_k100_a040,CH-pf100_k100_a040,ch-af-apac-eu-row-us,CH-first,pf100_k100_a040,older_ch_first,1,1,0.4,10,0.9607367771,apac,fails_1_percent,ch,China,2025,163.324
ch-af-apac-eu-row-us/pf100_k100_a040,CH-pf100_k100_a040,ch-af-apac-eu-row-us,CH-first,pf100_k100_a040,older_ch_first,1,1,0.4,10,0.9607367771,apac,fails_1_percent,af,Africa,2025,269.8323677
ch-af-apac-eu-row-us/pf100_k100_a040,CH-pf100_k100_a040,ch-af-apac-eu-row-us,CH-first,pf100_k100_a040,older_ch_first,1,1,0.4,10,0.9607367771,apac,fails_1_percent,eu,EU,2025,298.1925729
ch-af-apac-eu-row-us/pf100_k100_a040,CH-pf100_k100_a040,ch-af-apac-eu-row-us,CH-first,pf100_k100_a040,older_ch_first,1,1,0.4,10,0.9607367771,apac,fails_1_percent,us,US,2025,296.2810869
ch-af-apac-eu-row-us/pf100_k100_a040,CH-pf100_k100_a040,ch-af-apac-eu-row-us,CH-first,pf100_k100_a040,older_ch_first,1,1,0.4,10,0.9607367771,apac,fails_1_percent,apac,APAC,2025,191.2848693
ch-af-apac-eu-row-us/pf100_k100_a040,CH-pf100_k100_a040,ch-af-apac-eu-row-us,CH-first,pf100_k100_a040,older_ch_first,1,1,0.4,10,0.9607367771,apac,fails_1_percent,row,ROW,2025,300.0383782
ch-af-apac-eu-row-us/pf100_k100_a040,CH-pf100_k100_a040,ch-af-apac-eu-row-us,CH-first,pf100_k100_a040,older_ch_first,1,1,0.4,10,0.9607367771,apac,fails_1_percent,ch,China,2030,107.7909242
ch-af-apac-eu-row-us/pf100_k100_a040,CH-pf100_k100_a040,ch-af-apac-eu-row-us,CH-first,pf100_k100_a040,older_ch_first,1,1,0.4,10,0.9607367771,apac,fails_1_percent,af,Africa,2030,224.2283478
ch-af-apac-eu-row-us/pf100_k100_a040,CH-pf100_k100_a040,ch-af-apac-eu-row-us,CH-first,pf100_k100_a040,older_ch_first,1,1,0.4,10,0.9607367771,apac,fails_1_percent,eu,EU,2030,237.930953
ch-af-apac-eu-row-us/pf100_k100_a040,CH-pf100_k100_a040,ch-af-apac-eu-row-us,CH-first,pf100_k100_a040,older_ch_first,1,1,0.4,10,0.9607367771,apac,fails_1_percent,us,US,2030,228.2194747
ch-af-apac-eu-row-us/pf100_k100_a040,CH-pf100_k100_a040,ch-af-apac-eu-row-us,CH-first,pf100_k100_a040,older_ch_first,1,1,0.4,10,0.9607367771,apac,fails_1_percent,apac,APAC,2030,138.3990669
ch-af-apac-eu-row-us/pf100_k100_a040,CH-pf100_k100_a040,ch-af-apac-eu-row-us,CH-first,pf100_k100_a040,older_ch_first,1,1,0.4,10,0.9607367771,apac,fails_1_percent,row,ROW,2030,229.6536607
ch-af-apac-eu-row-us/pf100_k100_a040,CH-pf100_k100_a040,ch-af-apac-eu-row-us,CH-first,pf100_k100_a040,older_ch_first,1,1,0.4,10,0.9607367771,apac,fails_1_percent,ch,China,2035,95.90883301
ch-af-apac-eu-row-us/pf100_k100_a040,CH-pf100_k100_a040,ch-af-apac-eu-row-us,CH-first,pf100_k100_a040,older_ch_first,1,1,0.4,10,0.9607367771,apac,fails_1_percent,af,Africa,2035,205.6405368
ch-af-apac-eu-row-us/pf100_k100_a040,CH-pf100_k100_a040,ch-af-apac-eu-row-us,CH-first,pf100_k100_a040,older_ch_first,1,1,0.4,10,0.9607367771,apac,fails_1_percent,eu,EU,2035,213.1994251
ch-af-apac-eu-row-us/pf100_k100_a040,CH-pf100_k100_a040,ch-af-apac-eu-row-us,CH-first,pf100_k100_a040,older_ch_first,1,1,0.4,10,0.9607367771,apac,fails_1_percent,us,US,2035,207.6294789
ch-af-apac-eu-row-us/pf100_k100_a040,CH-pf100_k100_a040,ch-af-apac-eu-row-us,CH-first,pf100_k100_a040,older_ch_first,1,1,0.4,10,0.9607367771,apac,fails_1_percent,apac,APAC,2035,112.2076543
ch-af-apac-eu-row-us/pf100_k100_a040,CH-pf100_k100_a040,ch-af-apac-eu-row-us,CH-first,pf100_k100_a040,older_ch_first,1,1,0.4,10,0.9607367771,apac,fails_1_percent,row,ROW,2035,207.22232
ch-af-apac-eu-row-us/pf100_k100_a040,CH-pf100_k100_a040,ch-af-apac-eu-row-us,CH-first,pf100_k100_a040,older_ch_first,1,1,0.4,10,0.9607367771,apac,fails_1_percent,ch,China,2040,86.6512573
ch-af-apac-eu-row-us/pf100_k100_a040,CH-pf100_k100_a040,ch-af-apac-eu-row-us,CH-first,pf100_k100_a040,older_ch_first,1,1,0.4,10,0.9607367771,apac,fails_1_percent,af,Africa,2040,187.6428225
ch-af-apac-eu-row-us/pf100_k100_a040,CH-pf100_k100_a040,ch-af-apac-eu-row-us,CH-first,pf100_k100_a040,older_ch_first,1,1,0.4,10,0.9607367771,apac,fails_1_percent,eu,EU,2040,191.3615444
ch-af-apac-eu-row-us/pf100_k100_a040,CH-pf100_k100_a040,ch-af-apac-eu-row-us,CH-first,pf100_k100_a040,older_ch_first,1,1,0.4,10,0.9607367771,apac,fails_1_percent,us,US,2040,193.4444689
ch-af-apac-eu-row-us/pf100_k100_a040,CH-pf100_k100_a040,ch-af-apac-eu-row-us,CH-first,pf100_k100_a040,older_ch_first,1,1,0.4,10,0.9607367771,apac,fails_1_percent,apac,APAC,2040,100.4733251
ch-af-apac-eu-row-us/pf100_k100_a040,CH-pf100_k100_a040,ch-af-apac-eu-row-us,CH-first,pf100_k100_a040,older_ch_first,1,1,0.4,10,0.9607367771,apac,fails_1_percent,row,ROW,2040,185.142377
ch-af-apac-eu-row-us/pf120_k050_a030,CH-pf120_k050_a030,ch-af-apac-eu-row-us,CH-first,pf120_k050_a030,older_ch_first,1.2,0.5,0.3,13,0.7902826148,apac,fails_1_percent,ch,China,2025,163.324
ch-af-apac-eu-row-us/pf120_k050_a030,CH-pf120_k050_a030,ch-af-apac-eu-row-us,CH-first,pf120_k050_a030,older_ch_first,1.2,0.5,0.3,13,0.7902826148,apac,fails_1_percent,af,Africa,2025,268.7267379
ch-af-apac-eu-row-us/pf120_k050_a030,CH-pf120_k050_a030,ch-af-apac-eu-row-us,CH-first,pf120_k050_a030,older_ch_first,1.2,0.5,0.3,13,0.7902826148,apac,fails_1_percent,eu,EU,2025,296.525171
ch-af-apac-eu-row-us/pf120_k050_a030,CH-pf120_k050_a030,ch-af-apac-eu-row-us,CH-first,pf120_k050_a030,older_ch_first,1.2,0.5,0.3,13,0.7902826148,apac,fails_1_percent,us,US,2025,292.5773509
ch-af-apac-eu-row-us/pf120_k050_a030,CH-pf120_k050_a030,ch-af-apac-eu-row-us,CH-first,pf120_k050_a030,older_ch_first,1.2,0.5,0.3,13,0.7902826148,apac,fails_1_percent,apac,APAC,2025,191.7878487
ch-af-apac-eu-row-us/pf120_k050_a030,CH-pf120_k050_a030,ch-af-apac-eu-row-us,CH-first,pf120_k050_a030,older_ch_first,1.2,0.5,0.3,13,0.7902826148,apac,fails_1_percent,row,ROW,2025,297.2101888
ch-af-apac-eu-row-us/pf120_k050_a030,CH-pf120_k050_a030,ch-af-apac-eu-row-us,CH-first,pf120_k050_a030,older_ch_first,1.2,0.5,0.3,13,0.7902826148,apac,fails_1_percent,ch,China,2030,107.7909239
ch-af-apac-eu-row-us/pf120_k050_a030,CH-pf120_k050_a030,ch-af-apac-eu-row-us,CH-first,pf120_k050_a030,older_ch_first,1.2,0.5,0.3,13,0.7902826148,apac,fails_1_percent,af,Africa,2030,222.261805
ch-af-apac-eu-row-us/pf120_k050_a030,CH-pf120_k050_a030,ch-af-apac-eu-row-us,CH-first,pf120_k050_a030,older_ch_first,1.2,0.5,0.3,13,0.7902826148,apac,fails_1_percent,eu,EU,2030,239.1929284
ch-af-apac-eu-row-us/pf120_k050_a030,CH-pf120_k050_a030,ch-af-apac-eu-row-us,CH-first,pf120_k050_a030,older_ch_first,1.2,0.5,0.3,13,0.7902826148,apac,fails_1_percent,us,US,2030,236.1415397
ch-af-apac-eu-row-us/pf120_k050_a030,CH-pf120_k050_a030,ch-af-apac-eu-row-us,CH-first,pf120_k050_a030,older_ch_first,1.2,0.5,0.3,13,0.7902826148,apac,fails_1_percent,apac,APAC,2030,126.3890596
ch-af-apac-eu-row-us/pf120_k050_a030,CH-pf120_k050_a030,ch-af-apac-eu-row-us,CH-first,pf120_k050_a030,older_ch_first,1.2,0.5,0.3,13,0.7902826148,apac,fails_1_percent,row,ROW,2030,230.4775673
ch-af-apac-eu-row-us/pf120_k050_a030,CH-pf120_k050_a030,ch-af-apac-eu-row-us,CH-first,pf120_k050_a030,older_ch_first,1.2,0.5,0.3,13,0.7902826148,apac,fails_1_percent,ch,China,2035,95.90883304
ch-af-apac-eu-row-us/pf120_k050_a030,CH-pf120_k050_a030,ch-af-apac-eu-row-us,CH-first,pf120_k050_a030,older_ch_first,1.2,0.5,0.3,13,0.7902826148,apac,fails_1_percent,af,Africa,2035,206.2008156
ch-af-apac-eu-row-us/pf120_k050_a030,CH-pf120_k050_a030,ch-af-apac-eu-row-us,CH-first,pf120_k050_a030,older_ch_first,1.2,0.5,0.3,13,0.7902826148,apac,fails_1_percent,eu,EU,2035,212.0624063
ch-af-apac-eu-row-us/pf120_k050_a030,CH-pf120_k050_a030,ch-af-apac-eu-row-us,CH-first,pf120_k050_a030,older_ch_first,1.2,0.5,0.3,13,0.7902826148,apac,fails_1_percent,us,US,2035,208.940273
ch-af-apac-eu-row-us/pf120_k050_a030,CH-pf120_k050_a030,ch-af-apac-eu-row-us,CH-first,pf120_k050_a030,older_ch_first,1.2,0.5,0.3,13,0.7902826148,apac,fails_1_percent,apac,APAC,2035,111.8828444
ch-af-apac-eu-row-us/pf120_k050_a030,CH-pf120_k050_a030,ch-af-apac-eu-row-us,CH-first,pf120_k050_a030,older_ch_first,1.2,0.5,0.3,13,0.7902826148,apac,fails_1_percent,row,ROW,2035,206.3717781
ch-af-apac-eu-row-us/pf120_k050_a030,CH-pf120_k050_a030,ch-af-apac-eu-row-us,CH-first,pf120_k050_a030,older_ch_first,1.2,0.5,0.3,13,0.7902826148,apac,fails_1_percent,ch,China,2040,86.65125721
ch-af-apac-eu-row-us/pf120_k050_a030,CH-pf120_k050_a030,ch-af-apac-eu-row-us,CH-first,pf120_k050_a030,older_ch_first,1.2,0.5,0.3,13,0.7902826148,apac,fails_1_percent,af,Africa,2040,191.9101025
ch-af-apac-eu-row-us/pf120_k050_a030,CH-pf120_k050_a030,ch-af-apac-eu-row-us,CH-first,pf120_k050_a030,older_ch_first,1.2,0.5,0.3,13,0.7902826148,apac,fails_1_percent,eu,EU,2040,199.5093591
ch-af-apac-eu-row-us/pf120_k050_a030,CH-pf120_k050_a030,ch-af-apac-eu-row-us,CH-first,pf120_k050_a030,older_ch_first,1.2,0.5,0.3,13,0.7902826148,apac,fails_1_percent,us,US,2040,190.3304845
ch-af-apac-eu-row-us/pf120_k050_a030,CH-pf120_k050_a030,ch-af-apac-eu-row-us,CH-first,pf120_k050_a030,older_ch_first,1.2,0.5,0.3,13,0.7902826148,apac,fails_1_percent,apac,APAC,2040,101.3703942
ch-af-apac-eu-row-us/pf120_k050_a030,CH-pf120_k050_a030,ch-af-apac-eu-row-us,CH-first,pf120_k050_a030,older_ch_first,1.2,0.5,0.3,13,0.7902826148,apac,fails_1_percent,row,ROW,2040,191.353059
ch-af-apac-eu-row-us/pf120_k050_a040,CH-pf120_k050_a040,ch-af-apac-eu-row-us,CH-first,pf120_k050_a040,older_ch_first,1.2,0.5,0.4,15,0.80252874,ch,fails_1_percent,ch,China,2025,163.324
ch-af-apac-eu-row-us/pf120_k050_a040,CH-pf120_k050_a040,ch-af-apac-eu-row-us,CH-first,pf120_k050_a040,older_ch_first,1.2,0.5,0.4,15,0.80252874,ch,fails_1_percent,af,Africa,2025,265.7891365
ch-af-apac-eu-row-us/pf120_k050_a040,CH-pf120_k050_a040,ch-af-apac-eu-row-us,CH-first,pf120_k050_a040,older_ch_first,1.2,0.5,0.4,15,0.80252874,ch,fails_1_percent,eu,EU,2025,300.2637451
ch-af-apac-eu-row-us/pf120_k050_a040,CH-pf120_k050_a040,ch-af-apac-eu-row-us,CH-first,pf120_k050_a040,older_ch_first,1.2,0.5,0.4,15,0.80252874,ch,fails_1_percent,us,US,2025,301.8605153
ch-af-apac-eu-row-us/pf120_k050_a040,CH-pf120_k050_a040,ch-af-apac-eu-row-us,CH-first,pf120_k050_a040,older_ch_first,1.2,0.5,0.4,15,0.80252874,ch,fails_1_percent,apac,APAC,2025,195.3808962
ch-af-apac-eu-row-us/pf120_k050_a040,CH-pf120_k050_a040,ch-af-apac-eu-row-us,CH-first,pf120_k050_a040,older_ch_first,1.2,0.5,0.4,15,0.80252874,ch,fails_1_percent,row,ROW,2025,301.9832124
ch-af-apac-eu-row-us/pf120_k050_a040,CH-pf120_k050_a040,ch-af-apac-eu-row-us,CH-first,pf120_k050_a040,older_ch_first,1.2,0.5,0.4,15,0.80252874,ch,fails_1_percent,ch,China,2030,107.7909238
ch-af-apac-eu-row-us/pf120_k050_a040,CH-pf120_k050_a040,ch-af-apac-eu-row-us,CH-first,pf120_k050_a040,older_ch_first,1.2,0.5,0.4,15,0.80252874,ch,fails_1_percent,af,Africa,2030,247.5309163
ch-af-apac-eu-row-us/pf120_k050_a040,CH-pf120_k050_a040,ch-af-apac-eu-row-us,CH-first,pf120_k050_a040,older_ch_first,1.2,0.5,0.4,15,0.80252874,ch,fails_1_percent,eu,EU,2030,271.3763951
ch-af-apac-eu-row-us/pf120_k050_a040,CH-pf120_k050_a040,ch-af-apac-eu-row-us,CH-first,pf120_k050_a040,older_ch_first,1.2,0.5,0.4,15,0.80252874,ch,fails_1_percent,us,US,2030,266.8241543
ch-af-apac-eu-row-us/pf120_k050_a040,CH-pf120_k050_a040,ch-af-apac-eu-row-us,CH-first,pf120_k050_a040,older_ch_first,1.2,0.5,0.4,15,0.80252874,ch,fails_1_percent,apac,APAC,2030,130.2693268
ch-af-apac-eu-row-us/pf120_k050_a040,CH-pf120_k050_a040,ch-af-apac-eu-row-us,CH-first,pf120_k050_a040,older_ch_first,1.2,0.5,0.4,15,0.80252874,ch,fails_1_percent,row,ROW,2030,262.534951
ch-af-apac-eu-row-us/pf120_k050_a040,CH-pf120_k050_a040,ch-af-apac-eu-row-us,CH-first,pf120_k050_a040,older_ch_first,1.2,0.5,0.4,15,0.80252874,ch,fails_1_percent,ch,China,2035,95.90883301
ch-af-apac-eu-row-us/pf120_k050_a040,CH-pf120_k050_a040,ch-af-apac-eu-row-us,CH-first,pf120_k050_a040,older_ch_first,1.2,0.5,0.4,15,0.80252874,ch,fails_1_percent,af,Africa,2035,235.1861836
ch-af-apac-eu-row-us/pf120_k050_a040,CH-pf120_k050_a040,ch-af-apac-eu-row-us,CH-first,pf120_k050_a040,older_ch_first,1.2,0.5,0.4,15,0.80252874,ch,fails_1_percent,eu,EU,2035,239.4659205
ch-af-apac-eu-row-us/pf120_k050_a040,CH-pf120_k050_a040,ch-af-apac-eu-row-us,CH-first,pf120_k050_a040,older_ch_first,1.2,0.5,0.4,15,0.80252874,ch,fails_1_percent,us,US,2035,235.3308582
ch-af-apac-eu-row-us/pf120_k050_a040,CH-pf120_k050_a040,ch-af-apac-eu-row-us,CH-first,pf120_k050_a040,older_ch_first,1.2,0.5,0.4,15,0.80252874,ch,fails_1_percent,apac,APAC,2035,116.0512755
ch-af-apac-eu-row-us/pf120_k050_a040,CH-pf120_k050_a040,ch-af-apac-eu-row-us,CH-first,pf120_k050_a040,older_ch_first,1.2,0.5,0.4,15,0.80252874,ch,fails_1_percent,row,ROW,2035,242.692254
ch-af-apac-eu-row-us/pf120_k050_a040,CH-pf120_k050_a040,ch-af-apac-eu-row-us,CH-first,pf120_k050_a040,older_ch_first,1.2,0.5,0.4,15,0.80252874,ch,fails_1_percent,ch,China,2040,86.65125724
ch-af-apac-eu-row-us/pf120_k050_a040,CH-pf120_k050_a040,ch-af-apac-eu-row-us,CH-first,pf120_k050_a040,older_ch_first,1.2,0.5,0.4,15,0.80252874,ch,fails_1_percent,af,Africa,2040,190.9682079
ch-af-apac-eu-row-us/pf120_k050_a040,CH-pf120_k050_a040,ch-af-apac-eu-row-us,CH-first,pf120_k050_a040,older_ch_first,1.2,0.5,0.4,15,0.80252874,ch,fails_1_percent,eu,EU,2040,194.9808958
ch-af-apac-eu-row-us/pf120_k050_a040,CH-pf120_k050_a040,ch-af-apac-eu-row-us,CH-first,pf120_k050_a040,older_ch_first,1.2,0.5,0.4,15,0.80252874,ch,fails_1_percent,us,US,2040,192.9763658
ch-af-apac-eu-row-us/pf120_k050_a040,CH-pf120_k050_a040,ch-af-apac-eu-row-us,CH-first,pf120_k050_a040,older_ch_first,1.2,0.5,0.4,15,0.80252874,ch,fails_1_percent,apac,APAC,2040,99.44087276
ch-af-apac-eu-row-us/pf120_k050_a040,CH-pf120_k050_a040,ch-af-apac-eu-row-us,CH-first,pf120_k050_a040,older_ch_first,1.2,0.5,0.4,15,0.80252874,ch,fails_1_percent,row,ROW,2040,187.2251383
ch-af-apac-eu-row-us/pf120_k100_a040,CH-pf120_k100_a040,ch-af-apac-eu-row-us,CH-first,pf120_k100_a040,older_ch_first,1.2,1,0.4,6,0.6265249312,apac,fails_1_percent,ch,China,2025,163.324
ch-af-apac-eu-row-us/pf120_k100_a040,CH-pf120_k100_a040,ch-af-apac-eu-row-us,CH-first,pf120_k100_a040,older_ch_first,1.2,1,0.4,6,0.6265249312,apac,fails_1_percent,af,Africa,2025,252.7262178
ch-af-apac-eu-row-us/pf120_k100_a040,CH-pf120_k100_a040,ch-af-apac-eu-row-us,CH-first,pf120_k100_a040,older_ch_first,1.2,1,0.4,6,0.6265249312,apac,fails_1_percent,eu,EU,2025,296.1243902
ch-af-apac-eu-row-us/pf120_k100_a040,CH-pf120_k100_a040,ch-af-apac-eu-row-us,CH-first,pf120_k100_a040,older_ch_first,1.2,1,0.4,6,0.6265249312,apac,fails_1_percent,us,US,2025,285.7133796
ch-af-apac-eu-row-us/pf120_k100_a040,CH-pf120_k100_a040,ch-af-apac-eu-row-us,CH-first,pf120_k100_a040,older_ch_first,1.2,1,0.4,6,0.6265249312,apac,fails_1_percent,apac,APAC,2025,209.1546211
ch-af-apac-eu-row-us/pf120_k100_a040,CH-pf120_k100_a040,ch-af-apac-eu-row-us,CH-first,pf120_k100_a040,older_ch_first,1.2,1,0.4,6,0.6265249312,apac,fails_1_percent,row,ROW,2025,292.2448016
ch-af-apac-eu-row-us/pf120_k100_a040,CH-pf120_k100_a040,ch-af-apac-eu-row-us,CH-first,pf120_k100_a040,older_ch_first,1.2,1,0.4,6,0.6265249312,apac,fails_1_percent,ch,China,2030,107.7909238
ch-af-apac-eu-row-us/pf120_k100_a040,CH-pf120_k100_a040,ch-af-apac-eu-row-us,CH-first,pf120_k100_a040,older_ch_first,1.2,1,0.4,6,0.6265249312,apac,fails_1_percent,af,Africa,2030,157.8682764
ch-af-apac-eu-row-us/pf120_k100_a040,CH-pf120_k100_a040,ch-af-apac-eu-row-us,CH-first,pf120_k100_a040,older_ch_first,1.2,1,0.4,6,0.6265249312,apac,fails_1_percent,eu,EU,2030,166.2501719
ch-af-apac-eu-row-us/pf120_k100_a040,CH-pf120_k100_a040,ch-af-apac-eu-row-us,CH-first,pf120_k100_a040,older_ch_first,1.2,1,0.4,6,0.6265249312,apac,fails_1_percent,us,US,2030,163.2900779
ch-af-apac-eu-row-us/pf120_k100_a040,CH-pf120_k100_a040,ch-af-apac-eu-row-us,CH-first,pf120_k100_a040,older_ch_first,1.2,1,0.4,6,0.6265249312,apac,fails_1_percent,apac,APAC,2030,126.274297
ch-af-apac-eu-row-us/pf120_k100_a040,CH-pf120_k100_a040,ch-af-apac-eu-row-us,CH-first,pf120_k100_a040,older_ch_first,1.2,1,0.4,6,0.6265249312,apac,fails_1_percent,row,ROW,2030,167.4653972
ch-af-apac-eu-row-us/pf120_k100_a040,CH-pf120_k100_a040,ch-af-apac-eu-row-us,CH-first,pf120_k100_a040,older_ch_first,1.2,1,0.4,6,0.6265249312,apac,fails_1_percent,ch,China,2035,95.908833
ch-af-apac-eu-row-us/pf120_k100_a040,CH-pf120_k100_a040,ch-af-apac-eu-row-us,CH-first,pf120_k100_a040,older_ch_first,1.2,1,0.4,6,0.6265249312,apac,fails_1_percent,af,Africa,2035,163.8982681
ch-af-apac-eu-row-us/pf120_k100_a040,CH-pf120_k100_a040,ch-af-apac-eu-row-us,CH-first,pf120_k100_a040,older_ch_first,1.2,1,0.4,6,0.6265249312,apac,fails_1_percent,eu,EU,2035,171.3563783
ch-af-apac-eu-row-us/pf120_k100_a040,CH-pf120_k100_a040,ch-af-apac-eu-row-us,CH-first,pf120_k100_a040,older_ch_first,1.2,1,0.4,6,0.6265249312,apac,fails_1_percent,us,US,2035,162.9637847
ch-af-apac-eu-row-us/pf120_k100_a040,CH-pf120_k100_a040,ch-af-apac-eu-row-us,CH-first,pf120_k100_a040,older_ch_first,1.2,1,0.4,6,0.6265249312,apac,fails_1_percent,apac,APAC,2035,118.2922872
ch-af-apac-eu-row-us/pf120_k100_a040,CH-pf120_k100_a040,ch-af-apac-eu-row-us,CH-first,pf120_k100_a040,older_ch_first,1.2,1,0.4,6,0.6265249312,apac,fails_1_percent,row,ROW,2035,170.4711805
ch-af-apac-eu-row-us/pf120_k100_a040,CH-pf120_k100_a040,ch-af-apac-eu-row-us,CH-first,pf120_k100_a040,older_ch_first,1.2,1,0.4,6,0.6265249312,apac,fails_1_percent,ch,China,2040,86.65125723
ch-af-apac-eu-row-us/pf120_k100_a040,CH-pf120_k100_a040,ch-af-apac-eu-row-us,CH-first,pf120_k100_a040,older_ch_first,1.2,1,0.4,6,0.6265249312,apac,fails_1_percent,af,Africa,2040,179.1571855
ch-af-apac-eu-row-us/pf120_k100_a040,CH-pf120_k100_a040,ch-af-apac-eu-row-us,CH-first,pf120_k100_a040,older_ch_first,1.2,1,0.4,6,0.6265249312,apac,fails_1_percent,eu,EU,2040,189.6920629
ch-af-apac-eu-row-us/pf120_k100_a040,CH-pf120_k100_a040,ch-af-apac-eu-row-us,CH-first,pf120_k100_a040,older_ch_first,1.2,1,0.4,6,0.6265249312,apac,fails_1_percent,us,US,2040,169.162718
ch-af-apac-eu-row-us/pf120_k100_a040,CH-pf120_k100_a040,ch-af-apac-eu-row-us,CH-first,pf120_k100_a040,older_ch_first,1.2,1,0.4,6,0.6265249312,apac,fails_1_percent,apac,APAC,2040,102.568068
ch-af-apac-eu-row-us/pf120_k100_a040,CH-pf120_k100_a040,ch-af-apac-eu-row-us,CH-first,pf120_k100_a040,older_ch_first,1.2,1,0.4,6,0.6265249312,apac,fails_1_percent,row,ROW,2040,173.7031998
af-eu-us-apac-row-ch/pf100_k050_a040,AF-pf100_k050_a040,af-eu-us-apac-row-ch,AF-first,pf100_k050_a040,new_reinitialization,1,0.5,0.4,12,0.9745364142,ch,not_yet_audited,ch,China,2025,163.324
af-eu-us-apac-row-ch/pf100_k050_a040,AF-pf100_k050_a040,af-eu-us-apac-row-ch,AF-first,pf100_k050_a040,new_reinitialization,1,0.5,0.4,12,0.9745364142,ch,not_yet_audited,af,Africa,2025,263.0581117
af-eu-us-apac-row-ch/pf100_k050_a040,AF-pf100_k050_a040,af-eu-us-apac-row-ch,AF-first,pf100_k050_a040,new_reinitialization,1,0.5,0.4,12,0.9745364142,ch,not_yet_audited,eu,EU,2025,297.2304538
af-eu-us-apac-row-ch/pf100_k050_a040,AF-pf100_k050_a040,af-eu-us-apac-row-ch,AF-first,pf100_k050_a040,new_reinitialization,1,0.5,0.4,12,0.9745364142,ch,not_yet_audited,us,US,2025,291.226835
af-eu-us-apac-row-ch/pf100_k050_a040,AF-pf100_k050_a040,af-eu-us-apac-row-ch,AF-first,pf100_k050_a040,new_reinitialization,1,0.5,0.4,12,0.9745364142,ch,not_yet_audited,apac,APAC,2025,189.0248426
af-eu-us-apac-row-ch/pf100_k050_a040,AF-pf100_k050_a040,af-eu-us-apac-row-ch,AF-first,pf100_k050_a040,new_reinitialization,1,0.5,0.4,12,0.9745364142,ch,not_yet_audited,row,ROW,2025,301.9307362
af-eu-us-apac-row-ch/pf100_k050_a040,AF-pf100_k050_a040,af-eu-us-apac-row-ch,AF-first,pf100_k050_a040,new_reinitialization,1,0.5,0.4,12,0.9745364142,ch,not_yet_audited,ch,China,2030,107.7909255
af-eu-us-apac-row-ch/pf100_k050_a040,AF-pf100_k050_a040,af-eu-us-apac-row-ch,AF-first,pf100_k050_a040,new_reinitialization,1,0.5,0.4,12,0.9745364142,ch,not_yet_audited,af,Africa,2030,224.7225372
af-eu-us-apac-row-ch/pf100_k050_a040,AF-pf100_k050_a040,af-eu-us-apac-row-ch,AF-first,pf100_k050_a040,new_reinitialization,1,0.5,0.4,12,0.9745364142,ch,not_yet_audited,eu,EU,2030,237.8396902
af-eu-us-apac-row-ch/pf100_k050_a040,AF-pf100_k050_a040,af-eu-us-apac-row-ch,AF-first,pf100_k050_a040,new_reinitialization,1,0.5,0.4,12,0.9745364142,ch,not_yet_audited,us,US,2030,233.8340456
af-eu-us-apac-row-ch/pf100_k050_a040,AF-pf100_k050_a040,af-eu-us-apac-row-ch,AF-first,pf100_k050_a040,new_reinitialization,1,0.5,0.4,12,0.9745364142,ch,not_yet_audited,apac,APAC,2030,125.7787377
af-eu-us-apac-row-ch/pf100_k050_a040,AF-pf100_k050_a040,af-eu-us-apac-row-ch,AF-first,pf100_k050_a040,new_reinitialization,1,0.5,0.4,12,0.9745364142,ch,not_yet_audited,row,ROW,2030,232.9238123
af-eu-us-apac-row-ch/pf100_k050_a040,AF-pf100_k050_a040,af-eu-us-apac-row-ch,AF-first,pf100_k050_a040,new_reinitialization,1,0.5,0.4,12,0.9745364142,ch,not_yet_audited,ch,China,2035,95.90883316
af-eu-us-apac-row-ch/pf100_k050_a040,AF-pf100_k050_a040,af-eu-us-apac-row-ch,AF-first,pf100_k050_a040,new_reinitialization,1,0.5,0.4,12,0.9745364142,ch,not_yet_audited,af,Africa,2035,214.2211194
af-eu-us-apac-row-ch/pf100_k050_a040,AF-pf100_k050_a040,af-eu-us-apac-row-ch,AF-first,pf100_k050_a040,new_reinitialization,1,0.5,0.4,12,0.9745364142,ch,not_yet_audited,eu,EU,2035,214.331923
af-eu-us-apac-row-ch/pf100_k050_a040,AF-pf100_k050_a040,af-eu-us-apac-row-ch,AF-first,pf100_k050_a040,new_reinitialization,1,0.5,0.4,12,0.9745364142,ch,not_yet_audited,us,US,2035,213.8107048
af-eu-us-apac-row-ch/pf100_k050_a040,AF-pf100_k050_a040,af-eu-us-apac-row-ch,AF-first,pf100_k050_a040,new_reinitialization,1,0.5,0.4,12,0.9745364142,ch,not_yet_audited,apac,APAC,2035,112.3436156
af-eu-us-apac-row-ch/pf100_k050_a040,AF-pf100_k050_a040,af-eu-us-apac-row-ch,AF-first,pf100_k050_a040,new_reinitialization,1,0.5,0.4,12,0.9745364142,ch,not_yet_audited,row,ROW,2035,208.146559
af-eu-us-apac-row-ch/pf100_k050_a040,AF-pf100_k050_a040,af-eu-us-apac-row-ch,AF-first,pf100_k050_a040,new_reinitialization,1,0.5,0.4,12,0.9745364142,ch,not_yet_audited,ch,China,2040,86.6512572
af-eu-us-apac-row-ch/pf100_k050_a040,AF-pf100_k050_a040,af-eu-us-apac-row-ch,AF-first,pf100_k050_a040,new_reinitialization,1,0.5,0.4,12,0.9745364142,ch,not_yet_audited,af,Africa,2040,253.9510605
af-eu-us-apac-row-ch/pf100_k050_a040,AF-pf100_k050_a040,af-eu-us-apac-row-ch,AF-first,pf100_k050_a040,new_reinitialization,1,0.5,0.4,12,0.9745364142,ch,not_yet_audited,eu,EU,2040,264.7332321
af-eu-us-apac-row-ch/pf100_k050_a040,AF-pf100_k050_a040,af-eu-us-apac-row-ch,AF-first,pf100_k050_a040,new_reinitialization,1,0.5,0.4,12,0.9745364142,ch,not_yet_audited,us,US,2040,264.3186015
af-eu-us-apac-row-ch/pf100_k050_a040,AF-pf100_k050_a040,af-eu-us-apac-row-ch,AF-first,pf100_k050_a040,new_reinitialization,1,0.5,0.4,12,0.9745364142,ch,not_yet_audited,apac,APAC,2040,101.0540074
af-eu-us-apac-row-ch/pf100_k050_a040,AF-pf100_k050_a040,af-eu-us-apac-row-ch,AF-first,pf100_k050_a040,new_reinitialization,1,0.5,0.4,12,0.9745364142,ch,not_yet_audited,row,ROW,2040,250.8199989
af-eu-us-apac-row-ch/pf100_k100_a040,AF-pf100_k100_a040,af-eu-us-apac-row-ch,AF-first,pf100_k100_a040,new_reinitialization,1,1,0.4,12,0.8041774943,apac,not_yet_audited,ch,China,2025,163.324
af-eu-us-apac-row-ch/pf100_k100_a040,AF-pf100_k100_a040,af-eu-us-apac-row-ch,AF-first,pf100_k100_a040,new_reinitialization,1,1,0.4,12,0.8041774943,apac,not_yet_audited,af,Africa,2025,266.1743764
af-eu-us-apac-row-ch/pf100_k100_a040,AF-pf100_k100_a040,af-eu-us-apac-row-ch,AF-first,pf100_k100_a040,new_reinitialization,1,1,0.4,12,0.8041774943,apac,not_yet_audited,eu,EU,2025,298.7297449
af-eu-us-apac-row-ch/pf100_k100_a040,AF-pf100_k100_a040,af-eu-us-apac-row-ch,AF-first,pf100_k100_a040,new_reinitialization,1,1,0.4,12,0.8041774943,apac,not_yet_audited,us,US,2025,299.5888102
af-eu-us-apac-row-ch/pf100_k100_a040,AF-pf100_k100_a040,af-eu-us-apac-row-ch,AF-first,pf100_k100_a040,new_reinitialization,1,1,0.4,12,0.8041774943,apac,not_yet_audited,apac,APAC,2025,191.2019318
af-eu-us-apac-row-ch/pf100_k100_a040,AF-pf100_k100_a040,af-eu-us-apac-row-ch,AF-first,pf100_k100_a040,new_reinitialization,1,1,0.4,12,0.8041774943,apac,not_yet_audited,row,ROW,2025,299.7229393
af-eu-us-apac-row-ch/pf100_k100_a040,AF-pf100_k100_a040,af-eu-us-apac-row-ch,AF-first,pf100_k100_a040,new_reinitialization,1,1,0.4,12,0.8041774943,apac,not_yet_audited,ch,China,2030,107.7909244
af-eu-us-apac-row-ch/pf100_k100_a040,AF-pf100_k100_a040,af-eu-us-apac-row-ch,AF-first,pf100_k100_a040,new_reinitialization,1,1,0.4,12,0.8041774943,apac,not_yet_audited,af,Africa,2030,219.1599249
af-eu-us-apac-row-ch/pf100_k100_a040,AF-pf100_k100_a040,af-eu-us-apac-row-ch,AF-first,pf100_k100_a040,new_reinitialization,1,1,0.4,12,0.8041774943,apac,not_yet_audited,eu,EU,2030,240.2580523
af-eu-us-apac-row-ch/pf100_k100_a040,AF-pf100_k100_a040,af-eu-us-apac-row-ch,AF-first,pf100_k100_a040,new_reinitialization,1,1,0.4,12,0.8041774943,apac,not_yet_audited,us,US,2030,231.0246904
af-eu-us-apac-row-ch/pf100_k100_a040,AF-pf100_k100_a040,af-eu-us-apac-row-ch,AF-first,pf100_k100_a040,new_reinitialization,1,1,0.4,12,0.8041774943,apac,not_yet_audited,apac,APAC,2030,124.8157629
af-eu-us-apac-row-ch/pf100_k100_a040,AF-pf100_k100_a040,af-eu-us-apac-row-ch,AF-first,pf100_k100_a040,new_reinitialization,1,1,0.4,12,0.8041774943,apac,not_yet_audited,row,ROW,2030,227.8316032
af-eu-us-apac-row-ch/pf100_k100_a040,AF-pf100_k100_a040,af-eu-us-apac-row-ch,AF-first,pf100_k100_a040,new_reinitialization,1,1,0.4,12,0.8041774943,apac,not_yet_audited,ch,China,2035,95.90883302
af-eu-us-apac-row-ch/pf100_k100_a040,AF-pf100_k100_a040,af-eu-us-apac-row-ch,AF-first,pf100_k100_a040,new_reinitialization,1,1,0.4,12,0.8041774943,apac,not_yet_audited,af,Africa,2035,228.9224956
af-eu-us-apac-row-ch/pf100_k100_a040,AF-pf100_k100_a040,af-eu-us-apac-row-ch,AF-first,pf100_k100_a040,new_reinitialization,1,1,0.4,12,0.8041774943,apac,not_yet_audited,eu,EU,2035,250.572158
af-eu-us-apac-row-ch/pf100_k100_a040,AF-pf100_k100_a040,af-eu-us-apac-row-ch,AF-first,pf100_k100_a040,new_reinitialization,1,1,0.4,12,0.8041774943,apac,not_yet_audited,us,US,2035,245.1171804
af-eu-us-apac-row-ch/pf100_k100_a040,AF-pf100_k100_a040,af-eu-us-apac-row-ch,AF-first,pf100_k100_a040,new_reinitialization,1,1,0.4,12,0.8041774943,apac,not_yet_audited,apac,APAC,2035,120.3380365
af-eu-us-apac-row-ch/pf100_k100_a040,AF-pf100_k100_a040,af-eu-us-apac-row-ch,AF-first,pf100_k100_a040,new_reinitialization,1,1,0.4,12,0.8041774943,apac,not_yet_audited,row,ROW,2035,243.8279871
af-eu-us-apac-row-ch/pf100_k100_a040,AF-pf100_k100_a040,af-eu-us-apac-row-ch,AF-first,pf100_k100_a040,new_reinitialization,1,1,0.4,12,0.8041774943,apac,not_yet_audited,ch,China,2040,86.65125722
af-eu-us-apac-row-ch/pf100_k100_a040,AF-pf100_k100_a040,af-eu-us-apac-row-ch,AF-first,pf100_k100_a040,new_reinitialization,1,1,0.4,12,0.8041774943,apac,not_yet_audited,af,Africa,2040,224.4996287
af-eu-us-apac-row-ch/pf100_k100_a040,AF-pf100_k100_a040,af-eu-us-apac-row-ch,AF-first,pf100_k100_a040,new_reinitialization,1,1,0.4,12,0.8041774943,apac,not_yet_audited,eu,EU,2040,222.4478216
af-eu-us-apac-row-ch/pf100_k100_a040,AF-pf100_k100_a040,af-eu-us-apac-row-ch,AF-first,pf100_k100_a040,new_reinitialization,1,1,0.4,12,0.8041774943,apac,not_yet_audited,us,US,2040,232.776983
af-eu-us-apac-row-ch/pf100_k100_a040,AF-pf100_k100_a040,af-eu-us-apac-row-ch,AF-first,pf100_k100_a040,new_reinitialization,1,1,0.4,12,0.8041774943,apac,not_yet_audited,apac,APAC,2040,99.60691589
af-eu-us-apac-row-ch/pf100_k100_a040,AF-pf100_k100_a040,af-eu-us-apac-row-ch,AF-first,pf100_k100_a040,new_reinitialization,1,1,0.4,12,0.8041774943,apac,not_yet_audited,row,ROW,2040,213.9614012
af-eu-us-apac-row-ch/pf120_k050_a030,AF-pf120_k050_a030,af-eu-us-apac-row-ch,AF-first,pf120_k050_a030,new_reinitialization,1.2,0.5,0.3,13,0.9517448123,apac,not_yet_audited,ch,China,2025,163.324
af-eu-us-apac-row-ch/pf120_k050_a030,AF-pf120_k050_a030,af-eu-us-apac-row-ch,AF-first,pf120_k050_a030,new_reinitialization,1.2,0.5,0.3,13,0.9517448123,apac,not_yet_audited,af,Africa,2025,265.214431
af-eu-us-apac-row-ch/pf120_k050_a030,AF-pf120_k050_a030,af-eu-us-apac-row-ch,AF-first,pf120_k050_a030,new_reinitialization,1.2,0.5,0.3,13,0.9517448123,apac,not_yet_audited,eu,EU,2025,300.3370164
af-eu-us-apac-row-ch/pf120_k050_a030,AF-pf120_k050_a030,af-eu-us-apac-row-ch,AF-first,pf120_k050_a030,new_reinitialization,1.2,0.5,0.3,13,0.9517448123,apac,not_yet_audited,us,US,2025,295.7903793
af-eu-us-apac-row-ch/pf120_k050_a030,AF-pf120_k050_a030,af-eu-us-apac-row-ch,AF-first,pf120_k050_a030,new_reinitialization,1.2,0.5,0.3,13,0.9517448123,apac,not_yet_audited,apac,APAC,2025,196.1922308
af-eu-us-apac-row-ch/pf120_k050_a030,AF-pf120_k050_a030,af-eu-us-apac-row-ch,AF-first,pf120_k050_a030,new_reinitialization,1.2,0.5,0.3,13,0.9517448123,apac,not_yet_audited,row,ROW,2025,309.8372502
af-eu-us-apac-row-ch/pf120_k050_a030,AF-pf120_k050_a030,af-eu-us-apac-row-ch,AF-first,pf120_k050_a030,new_reinitialization,1.2,0.5,0.3,13,0.9517448123,apac,not_yet_audited,ch,China,2030,107.7909238
af-eu-us-apac-row-ch/pf120_k050_a030,AF-pf120_k050_a030,af-eu-us-apac-row-ch,AF-first,pf120_k050_a030,new_reinitialization,1.2,0.5,0.3,13,0.9517448123,apac,not_yet_audited,af,Africa,2030,218.9887827
af-eu-us-apac-row-ch/pf120_k050_a030,AF-pf120_k050_a030,af-eu-us-apac-row-ch,AF-first,pf120_k050_a030,new_reinitialization,1.2,0.5,0.3,13,0.9517448123,apac,not_yet_audited,eu,EU,2030,237.9339312
af-eu-us-apac-row-ch/pf120_k050_a030,AF-pf120_k050_a030,af-eu-us-apac-row-ch,AF-first,pf120_k050_a030,new_reinitialization,1.2,0.5,0.3,13,0.9517448123,apac,not_yet_audited,us,US,2030,229.8642241
af-eu-us-apac-row-ch/pf120_k050_a030,AF-pf120_k050_a030,af-eu-us-apac-row-ch,AF-first,pf120_k050_a030,new_reinitialization,1.2,0.5,0.3,13,0.9517448123,apac,not_yet_audited,apac,APAC,2030,134.4647311
af-eu-us-apac-row-ch/pf120_k050_a030,AF-pf120_k050_a030,af-eu-us-apac-row-ch,AF-first,pf120_k050_a030,new_reinitialization,1.2,0.5,0.3,13,0.9517448123,apac,not_yet_audited,row,ROW,2030,233.3966597
af-eu-us-apac-row-ch/pf120_k050_a030,AF-pf120_k050_a030,af-eu-us-apac-row-ch,AF-first,pf120_k050_a030,new_reinitialization,1.2,0.5,0.3,13,0.9517448123,apac,not_yet_audited,ch,China,2035,95.90883302
af-eu-us-apac-row-ch/pf120_k050_a030,AF-pf120_k050_a030,af-eu-us-apac-row-ch,AF-first,pf120_k050_a030,new_reinitialization,1.2,0.5,0.3,13,0.9517448123,apac,not_yet_audited,af,Africa,2035,204.5478531
af-eu-us-apac-row-ch/pf120_k050_a030,AF-pf120_k050_a030,af-eu-us-apac-row-ch,AF-first,pf120_k050_a030,new_reinitialization,1.2,0.5,0.3,13,0.9517448123,apac,not_yet_audited,eu,EU,2035,210.8315004
af-eu-us-apac-row-ch/pf120_k050_a030,AF-pf120_k050_a030,af-eu-us-apac-row-ch,AF-first,pf120_k050_a030,new_reinitialization,1.2,0.5,0.3,13,0.9517448123,apac,not_yet_audited,us,US,2035,204.9611578
af-eu-us-apac-row-ch/pf120_k050_a030,AF-pf120_k050_a030,af-eu-us-apac-row-ch,AF-first,pf120_k050_a030,new_reinitialization,1.2,0.5,0.3,13,0.9517448123,apac,not_yet_audited,apac,APAC,2035,114.1155076
af-eu-us-apac-row-ch/pf120_k050_a030,AF-pf120_k050_a030,af-eu-us-apac-row-ch,AF-first,pf120_k050_a030,new_reinitialization,1.2,0.5,0.3,13,0.9517448123,apac,not_yet_audited,row,ROW,2035,206.7934322
af-eu-us-apac-row-ch/pf120_k050_a030,AF-pf120_k050_a030,af-eu-us-apac-row-ch,AF-first,pf120_k050_a030,new_reinitialization,1.2,0.5,0.3,13,0.9517448123,apac,not_yet_audited,ch,China,2040,101.1082551
af-eu-us-apac-row-ch/pf120_k050_a030,AF-pf120_k050_a030,af-eu-us-apac-row-ch,AF-first,pf120_k050_a030,new_reinitialization,1.2,0.5,0.3,13,0.9517448123,apac,not_yet_audited,af,Africa,2040,203.7965135
af-eu-us-apac-row-ch/pf120_k050_a030,AF-pf120_k050_a030,af-eu-us-apac-row-ch,AF-first,pf120_k050_a030,new_reinitialization,1.2,0.5,0.3,13,0.9517448123,apac,not_yet_audited,eu,EU,2040,210.85412
af-eu-us-apac-row-ch/pf120_k050_a030,AF-pf120_k050_a030,af-eu-us-apac-row-ch,AF-first,pf120_k050_a030,new_reinitialization,1.2,0.5,0.3,13,0.9517448123,apac,not_yet_audited,us,US,2040,206.4784219
af-eu-us-apac-row-ch/pf120_k050_a030,AF-pf120_k050_a030,af-eu-us-apac-row-ch,AF-first,pf120_k050_a030,new_reinitialization,1.2,0.5,0.3,13,0.9517448123,apac,not_yet_audited,apac,APAC,2040,99.41154583
af-eu-us-apac-row-ch/pf120_k050_a030,AF-pf120_k050_a030,af-eu-us-apac-row-ch,AF-first,pf120_k050_a030,new_reinitialization,1.2,0.5,0.3,13,0.9517448123,apac,not_yet_audited,row,ROW,2040,210.7478353
af-eu-us-apac-row-ch/pf120_k050_a040,AF-pf120_k050_a040,af-eu-us-apac-row-ch,AF-first,pf120_k050_a040,new_reinitialization,1.2,0.5,0.4,11,0.7860138941,apac,not_yet_audited,ch,China,2025,163.324
af-eu-us-apac-row-ch/pf120_k050_a040,AF-pf120_k050_a040,af-eu-us-apac-row-ch,AF-first,pf120_k050_a040,new_reinitialization,1.2,0.5,0.4,11,0.7860138941,apac,not_yet_audited,af,Africa,2025,268.8399637
af-eu-us-apac-row-ch/pf120_k050_a040,AF-pf120_k050_a040,af-eu-us-apac-row-ch,AF-first,pf120_k050_a040,new_reinitialization,1.2,0.5,0.4,11,0.7860138941,apac,not_yet_audited,eu,EU,2025,298.5058054
af-eu-us-apac-row-ch/pf120_k050_a040,AF-pf120_k050_a040,af-eu-us-apac-row-ch,AF-first,pf120_k050_a040,new_reinitialization,1.2,0.5,0.4,11,0.7860138941,apac,not_yet_audited,us,US,2025,292.5002899
af-eu-us-apac-row-ch/pf120_k050_a040,AF-pf120_k050_a040,af-eu-us-apac-row-ch,AF-first,pf120_k050_a040,new_reinitialization,1.2,0.5,0.4,11,0.7860138941,apac,not_yet_audited,apac,APAC,2025,189.5838005
af-eu-us-apac-row-ch/pf120_k050_a040,AF-pf120_k050_a040,af-eu-us-apac-row-ch,AF-first,pf120_k050_a040,new_reinitialization,1.2,0.5,0.4,11,0.7860138941,apac,not_yet_audited,row,ROW,2025,292.2733347
af-eu-us-apac-row-ch/pf120_k050_a040,AF-pf120_k050_a040,af-eu-us-apac-row-ch,AF-first,pf120_k050_a040,new_reinitialization,1.2,0.5,0.4,11,0.7860138941,apac,not_yet_audited,ch,China,2030,107.7909238
af-eu-us-apac-row-ch/pf120_k050_a040,AF-pf120_k050_a040,af-eu-us-apac-row-ch,AF-first,pf120_k050_a040,new_reinitialization,1.2,0.5,0.4,11,0.7860138941,apac,not_yet_audited,af,Africa,2030,213.6686208
af-eu-us-apac-row-ch/pf120_k050_a040,AF-pf120_k050_a040,af-eu-us-apac-row-ch,AF-first,pf120_k050_a040,new_reinitialization,1.2,0.5,0.4,11,0.7860138941,apac,not_yet_audited,eu,EU,2030,240.2968881
af-eu-us-apac-row-ch/pf120_k050_a040,AF-pf120_k050_a040,af-eu-us-apac-row-ch,AF-first,pf120_k050_a040,new_reinitialization,1.2,0.5,0.4,11,0.7860138941,apac,not_yet_audited,us,US,2030,237.1065242
af-eu-us-apac-row-ch/pf120_k050_a040,AF-pf120_k050_a040,af-eu-us-apac-row-ch,AF-first,pf120_k050_a040,new_reinitialization,1.2,0.5,0.4,11,0.7860138941,apac,not_yet_audited,apac,APAC,2030,128.1710891
af-eu-us-apac-row-ch/pf120_k050_a040,AF-pf120_k050_a040,af-eu-us-apac-row-ch,AF-first,pf120_k050_a040,new_reinitialization,1.2,0.5,0.4,11,0.7860138941,apac,not_yet_audited,row,ROW,2030,232.6606484
af-eu-us-apac-row-ch/pf120_k050_a040,AF-pf120_k050_a040,af-eu-us-apac-row-ch,AF-first,pf120_k050_a040,new_reinitialization,1.2,0.5,0.4,11,0.7860138941,apac,not_yet_audited,ch,China,2035,95.90883301
af-eu-us-apac-row-ch/pf120_k050_a040,AF-pf120_k050_a040,af-eu-us-apac-row-ch,AF-first,pf120_k050_a040,new_reinitialization,1.2,0.5,0.4,11,0.7860138941,apac,not_yet_audited,af,Africa,2035,204.6762876
af-eu-us-apac-row-ch/pf120_k050_a040,AF-pf120_k050_a040,af-eu-us-apac-row-ch,AF-first,pf120_k050_a040,new_reinitialization,1.2,0.5,0.4,11,0.7860138941,apac,not_yet_audited,eu,EU,2035,211.9038303
af-eu-us-apac-row-ch/pf120_k050_a040,AF-pf120_k050_a040,af-eu-us-apac-row-ch,AF-first,pf120_k050_a040,new_reinitialization,1.2,0.5,0.4,11,0.7860138941,apac,not_yet_audited,us,US,2035,205.6848978
af-eu-us-apac-row-ch/pf120_k050_a040,AF-pf120_k050_a040,af-eu-us-apac-row-ch,AF-first,pf120_k050_a040,new_reinitialization,1.2,0.5,0.4,11,0.7860138941,apac,not_yet_audited,apac,APAC,2035,111.6040906
af-eu-us-apac-row-ch/pf120_k050_a040,AF-pf120_k050_a040,af-eu-us-apac-row-ch,AF-first,pf120_k050_a040,new_reinitialization,1.2,0.5,0.4,11,0.7860138941,apac,not_yet_audited,row,ROW,2035,209.2964133
af-eu-us-apac-row-ch/pf120_k050_a040,AF-pf120_k050_a040,af-eu-us-apac-row-ch,AF-first,pf120_k050_a040,new_reinitialization,1.2,0.5,0.4,11,0.7860138941,apac,not_yet_audited,ch,China,2040,86.65125723
af-eu-us-apac-row-ch/pf120_k050_a040,AF-pf120_k050_a040,af-eu-us-apac-row-ch,AF-first,pf120_k050_a040,new_reinitialization,1.2,0.5,0.4,11,0.7860138941,apac,not_yet_audited,af,Africa,2040,190.2768951
af-eu-us-apac-row-ch/pf120_k050_a040,AF-pf120_k050_a040,af-eu-us-apac-row-ch,AF-first,pf120_k050_a040,new_reinitialization,1.2,0.5,0.4,11,0.7860138941,apac,not_yet_audited,eu,EU,2040,194.7513178
af-eu-us-apac-row-ch/pf120_k050_a040,AF-pf120_k050_a040,af-eu-us-apac-row-ch,AF-first,pf120_k050_a040,new_reinitialization,1.2,0.5,0.4,11,0.7860138941,apac,not_yet_audited,us,US,2040,190.1877362
af-eu-us-apac-row-ch/pf120_k050_a040,AF-pf120_k050_a040,af-eu-us-apac-row-ch,AF-first,pf120_k050_a040,new_reinitialization,1.2,0.5,0.4,11,0.7860138941,apac,not_yet_audited,apac,APAC,2040,100.7444935
af-eu-us-apac-row-ch/pf120_k050_a040,AF-pf120_k050_a040,af-eu-us-apac-row-ch,AF-first,pf120_k050_a040,new_reinitialization,1.2,0.5,0.4,11,0.7860138941,apac,not_yet_audited,row,ROW,2040,187.4596158
eu-us-af-row-apac-ch/pf100_k050_a030,EU-pf100_k050_a030,eu-us-af-row-apac-ch,EU-first,pf100_k050_a030,new_reinitialization,1,0.5,0.3,15,0.8603590553,apac,not_yet_audited,ch,China,2025,163.324
eu-us-af-row-apac-ch/pf100_k050_a030,EU-pf100_k050_a030,eu-us-af-row-apac-ch,EU-first,pf100_k050_a030,new_reinitialization,1,0.5,0.3,15,0.8603590553,apac,not_yet_audited,af,Africa,2025,262.9763146
eu-us-af-row-apac-ch/pf100_k050_a030,EU-pf100_k050_a030,eu-us-af-row-apac-ch,EU-first,pf100_k050_a030,new_reinitialization,1,0.5,0.3,15,0.8603590553,apac,not_yet_audited,eu,EU,2025,297.2451141
eu-us-af-row-apac-ch/pf100_k050_a030,EU-pf100_k050_a030,eu-us-af-row-apac-ch,EU-first,pf100_k050_a030,new_reinitialization,1,0.5,0.3,15,0.8603590553,apac,not_yet_audited,us,US,2025,293.5651577
eu-us-af-row-apac-ch/pf100_k050_a030,EU-pf100_k050_a030,eu-us-af-row-apac-ch,EU-first,pf100_k050_a030,new_reinitialization,1,0.5,0.3,15,0.8603590553,apac,not_yet_audited,apac,APAC,2025,197.6416055
eu-us-af-row-apac-ch/pf100_k050_a030,EU-pf100_k050_a030,eu-us-af-row-apac-ch,EU-first,pf100_k050_a030,new_reinitialization,1,0.5,0.3,15,0.8603590553,apac,not_yet_audited,row,ROW,2025,288.5294972
eu-us-af-row-apac-ch/pf100_k050_a030,EU-pf100_k050_a030,eu-us-af-row-apac-ch,EU-first,pf100_k050_a030,new_reinitialization,1,0.5,0.3,15,0.8603590553,apac,not_yet_audited,ch,China,2030,107.7909239
eu-us-af-row-apac-ch/pf100_k050_a030,EU-pf100_k050_a030,eu-us-af-row-apac-ch,EU-first,pf100_k050_a030,new_reinitialization,1,0.5,0.3,15,0.8603590553,apac,not_yet_audited,af,Africa,2030,227.2969445
eu-us-af-row-apac-ch/pf100_k050_a030,EU-pf100_k050_a030,eu-us-af-row-apac-ch,EU-first,pf100_k050_a030,new_reinitialization,1,0.5,0.3,15,0.8603590553,apac,not_yet_audited,eu,EU,2030,239.0601104
eu-us-af-row-apac-ch/pf100_k050_a030,EU-pf100_k050_a030,eu-us-af-row-apac-ch,EU-first,pf100_k050_a030,new_reinitialization,1,0.5,0.3,15,0.8603590553,apac,not_yet_audited,us,US,2030,235.372291
eu-us-af-row-apac-ch/pf100_k050_a030,EU-pf100_k050_a030,eu-us-af-row-apac-ch,EU-first,pf100_k050_a030,new_reinitialization,1,0.5,0.3,15,0.8603590553,apac,not_yet_audited,apac,APAC,2030,133.6927814
eu-us-af-row-apac-ch/pf100_k050_a030,EU-pf100_k050_a030,eu-us-af-row-apac-ch,EU-first,pf100_k050_a030,new_reinitialization,1,0.5,0.3,15,0.8603590553,apac,not_yet_audited,row,ROW,2030,232.3090396
eu-us-af-row-apac-ch/pf100_k050_a030,EU-pf100_k050_a030,eu-us-af-row-apac-ch,EU-first,pf100_k050_a030,new_reinitialization,1,0.5,0.3,15,0.8603590553,apac,not_yet_audited,ch,China,2035,95.908833
eu-us-af-row-apac-ch/pf100_k050_a030,EU-pf100_k050_a030,eu-us-af-row-apac-ch,EU-first,pf100_k050_a030,new_reinitialization,1,0.5,0.3,15,0.8603590553,apac,not_yet_audited,af,Africa,2035,205.6392282
eu-us-af-row-apac-ch/pf100_k050_a030,EU-pf100_k050_a030,eu-us-af-row-apac-ch,EU-first,pf100_k050_a030,new_reinitialization,1,0.5,0.3,15,0.8603590553,apac,not_yet_audited,eu,EU,2035,212.6508182
eu-us-af-row-apac-ch/pf100_k050_a030,EU-pf100_k050_a030,eu-us-af-row-apac-ch,EU-first,pf100_k050_a030,new_reinitialization,1,0.5,0.3,15,0.8603590553,apac,not_yet_audited,us,US,2035,206.6185174
eu-us-af-row-apac-ch/pf100_k050_a030,EU-pf100_k050_a030,eu-us-af-row-apac-ch,EU-first,pf100_k050_a030,new_reinitialization,1,0.5,0.3,15,0.8603590553,apac,not_yet_audited,apac,APAC,2035,112.4940387
eu-us-af-row-apac-ch/pf100_k050_a030,EU-pf100_k050_a030,eu-us-af-row-apac-ch,EU-first,pf100_k050_a030,new_reinitialization,1,0.5,0.3,15,0.8603590553,apac,not_yet_audited,row,ROW,2035,207.1178458
eu-us-af-row-apac-ch/pf100_k050_a030,EU-pf100_k050_a030,eu-us-af-row-apac-ch,EU-first,pf100_k050_a030,new_reinitialization,1,0.5,0.3,15,0.8603590553,apac,not_yet_audited,ch,China,2040,86.65125727
eu-us-af-row-apac-ch/pf100_k050_a030,EU-pf100_k050_a030,eu-us-af-row-apac-ch,EU-first,pf100_k050_a030,new_reinitialization,1,0.5,0.3,15,0.8603590553,apac,not_yet_audited,af,Africa,2040,189.9811563
eu-us-af-row-apac-ch/pf100_k050_a030,EU-pf100_k050_a030,eu-us-af-row-apac-ch,EU-first,pf100_k050_a030,new_reinitialization,1,0.5,0.3,15,0.8603590553,apac,not_yet_audited,eu,EU,2040,191.4040757
eu-us-af-row-apac-ch/pf100_k050_a030,EU-pf100_k050_a030,eu-us-af-row-apac-ch,EU-first,pf100_k050_a030,new_reinitialization,1,0.5,0.3,15,0.8603590553,apac,not_yet_audited,us,US,2040,190.6352666
eu-us-af-row-apac-ch/pf100_k050_a030,EU-pf100_k050_a030,eu-us-af-row-apac-ch,EU-first,pf100_k050_a030,new_reinitialization,1,0.5,0.3,15,0.8603590553,apac,not_yet_audited,apac,APAC,2040,100.4179134
eu-us-af-row-apac-ch/pf100_k050_a030,EU-pf100_k050_a030,eu-us-af-row-apac-ch,EU-first,pf100_k050_a030,new_reinitialization,1,0.5,0.3,15,0.8603590553,apac,not_yet_audited,row,ROW,2040,187.0831216
eu-us-af-row-apac-ch/pf120_k050_a030,EU-pf120_k050_a030,eu-us-af-row-apac-ch,EU-first,pf120_k050_a030,new_reinitialization,1.2,0.5,0.3,13,0.8094185635,apac,not_yet_audited,ch,China,2025,163.324
eu-us-af-row-apac-ch/pf120_k050_a030,EU-pf120_k050_a030,eu-us-af-row-apac-ch,EU-first,pf120_k050_a030,new_reinitialization,1.2,0.5,0.3,13,0.8094185635,apac,not_yet_audited,af,Africa,2025,255.6122665
eu-us-af-row-apac-ch/pf120_k050_a030,EU-pf120_k050_a030,eu-us-af-row-apac-ch,EU-first,pf120_k050_a030,new_reinitialization,1.2,0.5,0.3,13,0.8094185635,apac,not_yet_audited,eu,EU,2025,297.0535483
eu-us-af-row-apac-ch/pf120_k050_a030,EU-pf120_k050_a030,eu-us-af-row-apac-ch,EU-first,pf120_k050_a030,new_reinitialization,1.2,0.5,0.3,13,0.8094185635,apac,not_yet_audited,us,US,2025,292.8397478
eu-us-af-row-apac-ch/pf120_k050_a030,EU-pf120_k050_a030,eu-us-af-row-apac-ch,EU-first,pf120_k050_a030,new_reinitialization,1.2,0.5,0.3,13,0.8094185635,apac,not_yet_audited,apac,APAC,2025,194.3343489
eu-us-af-row-apac-ch/pf120_k050_a030,EU-pf120_k050_a030,eu-us-af-row-apac-ch,EU-first,pf120_k050_a030,new_reinitialization,1.2,0.5,0.3,13,0.8094185635,apac,not_yet_audited,row,ROW,2025,300.5345443
eu-us-af-row-apac-ch/pf120_k050_a030,EU-pf120_k050_a030,eu-us-af-row-apac-ch,EU-first,pf120_k050_a030,new_reinitialization,1.2,0.5,0.3,13,0.8094185635,apac,not_yet_audited,ch,China,2030,107.7909238
eu-us-af-row-apac-ch/pf120_k050_a030,EU-pf120_k050_a030,eu-us-af-row-apac-ch,EU-first,pf120_k050_a030,new_reinitialization,1.2,0.5,0.3,13,0.8094185635,apac,not_yet_audited,af,Africa,2030,213.5509513
eu-us-af-row-apac-ch/pf120_k050_a030,EU-pf120_k050_a030,eu-us-af-row-apac-ch,EU-first,pf120_k050_a030,new_reinitialization,1.2,0.5,0.3,13,0.8094185635,apac,not_yet_audited,eu,EU,2030,238.4101161
eu-us-af-row-apac-ch/pf120_k050_a030,EU-pf120_k050_a030,eu-us-af-row-apac-ch,EU-first,pf120_k050_a030,new_reinitialization,1.2,0.5,0.3,13,0.8094185635,apac,not_yet_audited,us,US,2030,232.1493056
eu-us-af-row-apac-ch/pf120_k050_a030,EU-pf120_k050_a030,eu-us-af-row-apac-ch,EU-first,pf120_k050_a030,new_reinitialization,1.2,0.5,0.3,13,0.8094185635,apac,not_yet_audited,apac,APAC,2030,128.5932491
eu-us-af-row-apac-ch/pf120_k050_a030,EU-pf120_k050_a030,eu-us-af-row-apac-ch,EU-first,pf120_k050_a030,new_reinitialization,1.2,0.5,0.3,13,0.8094185635,apac,not_yet_audited,row,ROW,2030,231.4289729
eu-us-af-row-apac-ch/pf120_k050_a030,EU-pf120_k050_a030,eu-us-af-row-apac-ch,EU-first,pf120_k050_a030,new_reinitialization,1.2,0.5,0.3,13,0.8094185635,apac,not_yet_audited,ch,China,2035,95.90883304
eu-us-af-row-apac-ch/pf120_k050_a030,EU-pf120_k050_a030,eu-us-af-row-apac-ch,EU-first,pf120_k050_a030,new_reinitialization,1.2,0.5,0.3,13,0.8094185635,apac,not_yet_audited,af,Africa,2035,196.4769621
eu-us-af-row-apac-ch/pf120_k050_a030,EU-pf120_k050_a030,eu-us-af-row-apac-ch,EU-first,pf120_k050_a030,new_reinitialization,1.2,0.5,0.3,13,0.8094185635,apac,not_yet_audited,eu,EU,2035,209.5470298
eu-us-af-row-apac-ch/pf120_k050_a030,EU-pf120_k050_a030,eu-us-af-row-apac-ch,EU-first,pf120_k050_a030,new_reinitialization,1.2,0.5,0.3,13,0.8094185635,apac,not_yet_audited,us,US,2035,205.2103013
eu-us-af-row-apac-ch/pf120_k050_a030,EU-pf120_k050_a030,eu-us-af-row-apac-ch,EU-first,pf120_k050_a030,new_reinitialization,1.2,0.5,0.3,13,0.8094185635,apac,not_yet_audited,apac,APAC,2035,114.2516098
eu-us-af-row-apac-ch/pf120_k050_a030,EU-pf120_k050_a030,eu-us-af-row-apac-ch,EU-first,pf120_k050_a030,new_reinitialization,1.2,0.5,0.3,13,0.8094185635,apac,not_yet_audited,row,ROW,2035,206.6939373
eu-us-af-row-apac-ch/pf120_k050_a030,EU-pf120_k050_a030,eu-us-af-row-apac-ch,EU-first,pf120_k050_a030,new_reinitialization,1.2,0.5,0.3,13,0.8094185635,apac,not_yet_audited,ch,China,2040,86.6512573
eu-us-af-row-apac-ch/pf120_k050_a030,EU-pf120_k050_a030,eu-us-af-row-apac-ch,EU-first,pf120_k050_a030,new_reinitialization,1.2,0.5,0.3,13,0.8094185635,apac,not_yet_audited,af,Africa,2040,188.5791178
eu-us-af-row-apac-ch/pf120_k050_a030,EU-pf120_k050_a030,eu-us-af-row-apac-ch,EU-first,pf120_k050_a030,new_reinitialization,1.2,0.5,0.3,13,0.8094185635,apac,not_yet_audited,eu,EU,2040,189.2816589
eu-us-af-row-apac-ch/pf120_k050_a030,EU-pf120_k050_a030,eu-us-af-row-apac-ch,EU-first,pf120_k050_a030,new_reinitialization,1.2,0.5,0.3,13,0.8094185635,apac,not_yet_audited,us,US,2040,186.6466901
eu-us-af-row-apac-ch/pf120_k050_a030,EU-pf120_k050_a030,eu-us-af-row-apac-ch,EU-first,pf120_k050_a030,new_reinitialization,1.2,0.5,0.3,13,0.8094185635,apac,not_yet_audited,apac,APAC,2040,102.469315
eu-us-af-row-apac-ch/pf120_k050_a030,EU-pf120_k050_a030,eu-us-af-row-apac-ch,EU-first,pf120_k050_a030,new_reinitialization,1.2,0.5,0.3,13,0.8094185635,apac,not_yet_audited,row,ROW,2040,186.8131666
eu-us-af-row-apac-ch/pf120_k050_a040,EU-pf120_k050_a040,eu-us-af-row-apac-ch,EU-first,pf120_k050_a040,new_reinitialization,1.2,0.5,0.4,9,0.8106346252,apac,not_yet_audited,ch,China,2025,163.324
eu-us-af-row-apac-ch/pf120_k050_a040,EU-pf120_k050_a040,eu-us-af-row-apac-ch,EU-first,pf120_k050_a040,new_reinitialization,1.2,0.5,0.4,9,0.8106346252,apac,not_yet_audited,af,Africa,2025,262.1357168
eu-us-af-row-apac-ch/pf120_k050_a040,EU-pf120_k050_a040,eu-us-af-row-apac-ch,EU-first,pf120_k050_a040,new_reinitialization,1.2,0.5,0.4,9,0.8106346252,apac,not_yet_audited,eu,EU,2025,294.483227
eu-us-af-row-apac-ch/pf120_k050_a040,EU-pf120_k050_a040,eu-us-af-row-apac-ch,EU-first,pf120_k050_a040,new_reinitialization,1.2,0.5,0.4,9,0.8106346252,apac,not_yet_audited,us,US,2025,287.3597815
eu-us-af-row-apac-ch/pf120_k050_a040,EU-pf120_k050_a040,eu-us-af-row-apac-ch,EU-first,pf120_k050_a040,new_reinitialization,1.2,0.5,0.4,9,0.8106346252,apac,not_yet_audited,apac,APAC,2025,198.5828862
eu-us-af-row-apac-ch/pf120_k050_a040,EU-pf120_k050_a040,eu-us-af-row-apac-ch,EU-first,pf120_k050_a040,new_reinitialization,1.2,0.5,0.4,9,0.8106346252,apac,not_yet_audited,row,ROW,2025,294.262323
eu-us-af-row-apac-ch/pf120_k050_a040,EU-pf120_k050_a040,eu-us-af-row-apac-ch,EU-first,pf120_k050_a040,new_reinitialization,1.2,0.5,0.4,9,0.8106346252,apac,not_yet_audited,ch,China,2030,107.7909238
eu-us-af-row-apac-ch/pf120_k050_a040,EU-pf120_k050_a040,eu-us-af-row-apac-ch,EU-first,pf120_k050_a040,new_reinitialization,1.2,0.5,0.4,9,0.8106346252,apac,not_yet_audited,af,Africa,2030,224.1847252
eu-us-af-row-apac-ch/pf120_k050_a040,EU-pf120_k050_a040,eu-us-af-row-apac-ch,EU-first,pf120_k050_a040,new_reinitialization,1.2,0.5,0.4,9,0.8106346252,apac,not_yet_audited,eu,EU,2030,242.2538628
eu-us-af-row-apac-ch/pf120_k050_a040,EU-pf120_k050_a040,eu-us-af-row-apac-ch,EU-first,pf120_k050_a040,new_reinitialization,1.2,0.5,0.4,9,0.8106346252,apac,not_yet_audited,us,US,2030,239.2774793
eu-us-af-row-apac-ch/pf120_k050_a040,EU-pf120_k050_a040,eu-us-af-row-apac-ch,EU-first,pf120_k050_a040,new_reinitialization,1.2,0.5,0.4,9,0.8106346252,apac,not_yet_audited,apac,APAC,2030,130.2266683
eu-us-af-row-apac-ch/pf120_k050_a040,EU-pf120_k050_a040,eu-us-af-row-apac-ch,EU-first,pf120_k050_a040,new_reinitialization,1.2,0.5,0.4,9,0.8106346252,apac,not_yet_audited,row,ROW,2030,232.6910194
eu-us-af-row-apac-ch/pf120_k050_a040,EU-pf120_k050_a040,eu-us-af-row-apac-ch,EU-first,pf120_k050_a040,new_reinitialization,1.2,0.5,0.4,9,0.8106346252,apac,not_yet_audited,ch,China,2035,95.90883303
eu-us-af-row-apac-ch/pf120_k050_a040,EU-pf120_k050_a040,eu-us-af-row-apac-ch,EU-first,pf120_k050_a040,new_reinitialization,1.2,0.5,0.4,9,0.8106346252,apac,not_yet_audited,af,Africa,2035,202.596483
eu-us-af-row-apac-ch/pf120_k050_a040,EU-pf120_k050_a040,eu-us-af-row-apac-ch,EU-first,pf120_k050_a040,new_reinitialization,1.2,0.5,0.4,9,0.8106346252,apac,not_yet_audited,eu,EU,2035,208.7856645
eu-us-af-row-apac-ch/pf120_k050_a040,EU-pf120_k050_a040,eu-us-af-row-apac-ch,EU-first,pf120_k050_a040,new_reinitialization,1.2,0.5,0.4,9,0.8106346252,apac,not_yet_audited,us,US,2035,205.1647328
eu-us-af-row-apac-ch/pf120_k050_a040,EU-pf120_k050_a040,eu-us-af-row-apac-ch,EU-first,pf120_k050_a040,new_reinitialization,1.2,0.5,0.4,9,0.8106346252,apac,not_yet_audited,apac,APAC,2035,113.9489663
eu-us-af-row-apac-ch/pf120_k050_a040,EU-pf120_k050_a040,eu-us-af-row-apac-ch,EU-first,pf120_k050_a040,new_reinitialization,1.2,0.5,0.4,9,0.8106346252,apac,not_yet_audited,row,ROW,2035,206.6983247
eu-us-af-row-apac-ch/pf120_k050_a040,EU-pf120_k050_a040,eu-us-af-row-apac-ch,EU-first,pf120_k050_a040,new_reinitialization,1.2,0.5,0.4,9,0.8106346252,apac,not_yet_audited,ch,China,2040,86.6512572
eu-us-af-row-apac-ch/pf120_k050_a040,EU-pf120_k050_a040,eu-us-af-row-apac-ch,EU-first,pf120_k050_a040,new_reinitialization,1.2,0.5,0.4,9,0.8106346252,apac,not_yet_audited,af,Africa,2040,178.8038496
eu-us-af-row-apac-ch/pf120_k050_a040,EU-pf120_k050_a040,eu-us-af-row-apac-ch,EU-first,pf120_k050_a040,new_reinitialization,1.2,0.5,0.4,9,0.8106346252,apac,not_yet_audited,eu,EU,2040,189.0330858
eu-us-af-row-apac-ch/pf120_k050_a040,EU-pf120_k050_a040,eu-us-af-row-apac-ch,EU-first,pf120_k050_a040,new_reinitialization,1.2,0.5,0.4,9,0.8106346252,apac,not_yet_audited,us,US,2040,184.2898575
eu-us-af-row-apac-ch/pf120_k050_a040,EU-pf120_k050_a040,eu-us-af-row-apac-ch,EU-first,pf120_k050_a040,new_reinitialization,1.2,0.5,0.4,9,0.8106346252,apac,not_yet_audited,apac,APAC,2040,101.6019125
eu-us-af-row-apac-ch/pf120_k050_a040,EU-pf120_k050_a040,eu-us-af-row-apac-ch,EU-first,pf120_k050_a040,new_reinitialization,1.2,0.5,0.4,9,0.8106346252,apac,not_yet_audited,row,ROW,2040,185.5770064
eu-us-af-row-apac-ch/pf120_k100_a040,EU-pf120_k100_a040,eu-us-af-row-apac-ch,EU-first,pf120_k100_a040,new_reinitialization,1.2,1,0.4,1,0.8948696892,apac,not_yet_audited,ch,China,2025,163.324
eu-us-af-row-apac-ch/pf120_k100_a040,EU-pf120_k100_a040,eu-us-af-row-apac-ch,EU-first,pf120_k100_a040,new_reinitialization,1.2,1,0.4,1,0.8948696892,apac,not_yet_audited,af,Africa,2025,221.2951624
eu-us-af-row-apac-ch/pf120_k100_a040,EU-pf120_k100_a040,eu-us-af-row-apac-ch,EU-first,pf120_k100_a040,new_reinitialization,1.2,1,0.4,1,0.8948696892,apac,not_yet_audited,eu,EU,2025,227.7347128
eu-us-af-row-apac-ch/pf120_k100_a040,EU-pf120_k100_a040,eu-us-af-row-apac-ch,EU-first,pf120_k100_a040,new_reinitialization,1.2,1,0.4,1,0.8948696892,apac,not_yet_audited,us,US,2025,222.4155329
eu-us-af-row-apac-ch/pf120_k100_a040,EU-pf120_k100_a040,eu-us-af-row-apac-ch,EU-first,pf120_k100_a040,new_reinitialization,1.2,1,0.4,1,0.8948696892,apac,not_yet_audited,apac,APAC,2025,187.5
eu-us-af-row-apac-ch/pf120_k100_a040,EU-pf120_k100_a040,eu-us-af-row-apac-ch,EU-first,pf120_k100_a040,new_reinitialization,1.2,1,0.4,1,0.8948696892,apac,not_yet_audited,row,ROW,2025,228.6449146
eu-us-af-row-apac-ch/pf120_k100_a040,EU-pf120_k100_a040,eu-us-af-row-apac-ch,EU-first,pf120_k100_a040,new_reinitialization,1.2,1,0.4,1,0.8948696892,apac,not_yet_audited,ch,China,2030,107.7909238
eu-us-af-row-apac-ch/pf120_k100_a040,EU-pf120_k100_a040,eu-us-af-row-apac-ch,EU-first,pf120_k100_a040,new_reinitialization,1.2,1,0.4,1,0.8948696892,apac,not_yet_audited,af,Africa,2030,152.7635798
eu-us-af-row-apac-ch/pf120_k100_a040,EU-pf120_k100_a040,eu-us-af-row-apac-ch,EU-first,pf120_k100_a040,new_reinitialization,1.2,1,0.4,1,0.8948696892,apac,not_yet_audited,eu,EU,2030,158.2597693
eu-us-af-row-apac-ch/pf120_k100_a040,EU-pf120_k100_a040,eu-us-af-row-apac-ch,EU-first,pf120_k100_a040,new_reinitialization,1.2,1,0.4,1,0.8948696892,apac,not_yet_audited,us,US,2030,153.0995734
eu-us-af-row-apac-ch/pf120_k100_a040,EU-pf120_k100_a040,eu-us-af-row-apac-ch,EU-first,pf120_k100_a040,new_reinitialization,1.2,1,0.4,1,0.8948696892,apac,not_yet_audited,apac,APAC,2030,125.082676
eu-us-af-row-apac-ch/pf120_k100_a040,EU-pf120_k100_a040,eu-us-af-row-apac-ch,EU-first,pf120_k100_a040,new_reinitialization,1.2,1,0.4,1,0.8948696892,apac,not_yet_audited,row,ROW,2030,157.6109231
eu-us-af-row-apac-ch/pf120_k100_a040,EU-pf120_k100_a040,eu-us-af-row-apac-ch,EU-first,pf120_k100_a040,new_reinitialization,1.2,1,0.4,1,0.8948696892,apac,not_yet_audited,ch,China,2035,95.908833
eu-us-af-row-apac-ch/pf120_k100_a040,EU-pf120_k100_a040,eu-us-af-row-apac-ch,EU-first,pf120_k100_a040,new_reinitialization,1.2,1,0.4,1,0.8948696892,apac,not_yet_audited,af,Africa,2035,133.1776097
eu-us-af-row-apac-ch/pf120_k100_a040,EU-pf120_k100_a040,eu-us-af-row-apac-ch,EU-first,pf120_k100_a040,new_reinitialization,1.2,1,0.4,1,0.8948696892,apac,not_yet_audited,eu,EU,2035,141.2746679
eu-us-af-row-apac-ch/pf120_k100_a040,EU-pf120_k100_a040,eu-us-af-row-apac-ch,EU-first,pf120_k100_a040,new_reinitialization,1.2,1,0.4,1,0.8948696892,apac,not_yet_audited,us,US,2035,137.9590403
eu-us-af-row-apac-ch/pf120_k100_a040,EU-pf120_k100_a040,eu-us-af-row-apac-ch,EU-first,pf120_k100_a040,new_reinitialization,1.2,1,0.4,1,0.8948696892,apac,not_yet_audited,apac,APAC,2035,110.0152081
eu-us-af-row-apac-ch/pf120_k100_a040,EU-pf120_k100_a040,eu-us-af-row-apac-ch,EU-first,pf120_k100_a040,new_reinitialization,1.2,1,0.4,1,0.8948696892,apac,not_yet_audited,row,ROW,2035,142.9514292
eu-us-af-row-apac-ch/pf120_k100_a040,EU-pf120_k100_a040,eu-us-af-row-apac-ch,EU-first,pf120_k100_a040,new_reinitialization,1.2,1,0.4,1,0.8948696892,apac,not_yet_audited,ch,China,2040,86.6512572
eu-us-af-row-apac-ch/pf120_k100_a040,EU-pf120_k100_a040,eu-us-af-row-apac-ch,EU-first,pf120_k100_a040,new_reinitialization,1.2,1,0.4,1,0.8948696892,apac,not_yet_audited,af,Africa,2040,128.4264724
eu-us-af-row-apac-ch/pf120_k100_a040,EU-pf120_k100_a040,eu-us-af-row-apac-ch,EU-first,pf120_k100_a040,new_reinitialization,1.2,1,0.4,1,0.8948696892,apac,not_yet_audited,eu,EU,2040,131.5469718
eu-us-af-row-apac-ch/pf120_k100_a040,EU-pf120_k100_a040,eu-us-af-row-apac-ch,EU-first,pf120_k100_a040,new_reinitialization,1.2,1,0.4,1,0.8948696892,apac,not_yet_audited,us,US,2040,128.7895774
eu-us-af-row-apac-ch/pf120_k100_a040,EU-pf120_k100_a040,eu-us-af-row-apac-ch,EU-first,pf120_k100_a040,new_reinitialization,1.2,1,0.4,1,0.8948696892,apac,not_yet_audited,apac,APAC,2040,101.7358438
eu-us-af-row-apac-ch/pf120_k100_a040,EU-pf120_k100_a040,eu-us-af-row-apac-ch,EU-first,pf120_k100_a040,new_reinitialization,1.2,1,0.4,1,0.8948696892,apac,not_yet_audited,row,ROW,2040,132.9345674
