scenario,branch,region,discounted_welfare_musd
strategic_offers,ch-af-apac-eu-row-us/pf080_k050_a040,ch,4034601.6604264965
strategic_offers,ch-af-apac-eu-row-us/pf080_k050_a040,eu,1940890.3161874127
strategic_offers,ch-af-apac-eu-row-us/pf080_k050_a040,us,657077.2904502861
strategic_offers,ch-af-apac-eu-row-us/pf080_k050_a040,apac,1201071.775983857
strategic_offers,ch-af-apac-eu-row-us/pf080_k050_a040,af,465382.0642565504
strategic_offers,ch-af-apac-eu-row-us/pf080_k050_a040,row,1524746.989825904
strategic_offers,ch-af-apac-eu-row-us/pf080_k050_a040,ALL,9823770.097130507
strategic_offers,ch-af-apac-eu-row-us/pf080_k100_a030,ch,4028424.7240457777
strategic_offers,ch-af-apac-eu-row-us/pf080_k100_a030,eu,1903338.3162252365
strategic_offers,ch-af-apac-eu-row-us/pf080_k100_a030,us,705773.5848787476
strategic_offers,ch-af-apac-eu-row-us/pf080_k100_a030,apac,1157148.2847956861
strategic_offers,ch-af-apac-eu-row-us/pf080_k100_a030,af,463367.54151592735
strategic_offers,ch-af-apac-eu-row-us/pf080_k100_a030,row,1553660.8095772176
strategic_offers,ch-af-apac-eu-row-us/pf080_k100_a030,ALL,9811713.261038592
strategic_offers,ch-af-apac-eu-row-us/pf080_k100_a040,ch,4119175.729360106
strategic_offers,ch-af-apac-eu-row-us/pf080_k100_a040,eu,1910286.7577980165
strategic_offers,ch-af-apac-eu-row-us/pf080_k100_a040,us,727595.1277422706
strategic_offers,ch-af-apac-eu-row-us/pf080_k100_a040,apac,1097479.5609479672
strategic_offers,ch-af-apac-eu-row-us/pf080_k100_a040,af,436543.2887776614
strategic_offers,ch-af-apac-eu-row-us/pf080_k100_a040,row,1575033.015356153
strategic_offers,ch-af-apac-eu-row-us/pf080_k100_a040,ALL,9866113.479982175
strategic_offers,ch-af-apac-eu-row-us/pf100_k050_a040,ch,4102742.9699113225
strategic_offers,ch-af-apac-eu-row-us/pf100_k050_a040,eu,1900141.1761347149
strategic_offers,ch-af-apac-eu-row-us/pf100_k050_a040,us,748257.9715999133
strategic_offers,ch-af-apac-eu-row-us/pf100_k050_a040,apac,1108660.3485161646
strategic_offers,ch-af-apac-eu-row-us/pf100_k050_a040,af,449672.0503872733
strategic_offers,ch-af-apac-eu-row-us/pf100_k050_a040,row,1532935.2016898321
strategic_offers,ch-af-apac-eu-row-us/pf100_k050_a040,ALL,9842409.71823922
strategic_offers,ch-af-apac-eu-row-us/pf100_k100_a030,ch,4141530.61271985
strategic_offers,ch-af-apac-eu-row-us/pf100_k100_a030,eu,1967430.5091792634
strategic_offers,ch-af-apac-eu-row-us/pf100_k100_a030,us,713735.4169457385
strategic_offers,ch-af-apac-eu-row-us/pf100_k100_a030,apac,1209092.6548528576
strategic_offers,ch-af-apac-eu-row-us/pf100_k100_a030,af,471737.72295825114
strategic_offers,ch-af-apac-eu-row-us/pf100_k100_a030,row,1522795.3509187216
strategic_offers,ch-af-apac-eu-row-us/pf100_k100_a030,ALL,10026322.267574683
strategic_offers,ch-af-apac-eu-row-us/pf100_k100_a040,ch,3989939.5178635977
strategic_offers,ch-af-apac-eu-row-us/pf100_k100_a040,eu,1833016.8068068686
strategic_offers,ch-af-apac-eu-row-us/pf100_k100_a040,us,728548.6868086042
strategic_offers,ch-af-apac-eu-row-us/pf100_k100_a040,apac,1168081.4348924342
strategic_offers,ch-af-apac-eu-row-us/pf100_k100_a040,af,453087.9311006868
strategic_offers,ch-af-apac-eu-row-us/pf100_k100_a040,row,1597766.0619435147
strategic_offers,ch-af-apac-eu-row-us/pf100_k100_a040,ALL,9770440.439415706
strategic_offers,ch-af-apac-eu-row-us/pf120_k050_a030,ch,4141597.4661072968
strategic_offers,ch-af-apac-eu-row-us/pf120_k050_a030,eu,1972757.6408267708
strategic_offers,ch-af-apac-eu-row-us/pf120_k050_a030,us,708809.433417642
strategic_offers,ch-af-apac-eu-row-us/pf120_k050_a030,apac,1207445.838489326
strategic_offers,ch-af-apac-eu-row-us/pf120_k050_a030,af,471991.0971903475
strategic_offers,ch-af-apac-eu-row-us/pf120_k050_a030,row,1523429.9339945093
strategic_offers,ch-af-apac-eu-row-us/pf120_k050_a030,ALL,10026031.410025893
strategic_offers,ch-af-apac-eu-row-us/pf120_k050_a040,ch,4102583.7192441244
strategic_offers,ch-af-apac-eu-row-us/pf120_k050_a040,eu,1984439.7095576376
strategic_offers,ch-af-apac-eu-row-us/pf120_k050_a040,us,697936.8194848684
strategic_offers,ch-af-apac-eu-row-us/pf120_k050_a040,apac,1189826.2728054516
strategic_offers,ch-af-apac-eu-row-us/pf120_k050_a040,af,467749.5012825002
strategic_offers,ch-af-apac-eu-row-us/pf120_k050_a040,row,1530975.3877440668
strategic_offers,ch-af-apac-eu-row-us/pf120_k050_a040,ALL,9973511.410118649
strategic_offers,ch-af-apac-eu-row-us/pf120_k100_a030,ch,4155089.3535983115
strategic_offers,ch-af-apac-eu-row-us/pf120_k100_a030,eu,1988182.3978040114
strategic_offers,ch-af-apac-eu-row-us/pf120_k100_a030,us,708256.0437150641
strategic_offers,ch-af-apac-eu-row-us/pf120_k100_a030,apac,1195663.0614951497
strategic_offers,ch-af-apac-eu-row-us/pf120_k100_a030,af,471649.6654216869
strategic_offers,ch-af-apac-eu-row-us/pf120_k100_a030,row,1531933.7561480952
strategic_offers,ch-af-apac-eu-row-us/pf120_k100_a030,ALL,10050774.278182318
strategic_offers,ch-af-apac-eu-row-us/pf120_k100_a040,ch,4100954.983783602
strategic_offers,ch-af-apac-eu-row-us/pf120_k100_a040,eu,1969378.1809149126
strategic_offers,ch-af-apac-eu-row-us/pf120_k100_a040,us,699293.7372228904
strategic_offers,ch-af-apac-eu-row-us/pf120_k100_a040,apac,1216584.9970031404
strategic_offers,ch-af-apac-eu-row-us/pf120_k100_a040,af,470468.96468904644
strategic_offers,ch-af-apac-eu-row-us/pf120_k100_a040,row,1517584.7196756378
strategic_offers,ch-af-apac-eu-row-us/pf120_k100_a040,ALL,9974265.58328923
strategic_offers,af-eu-us-apac-row-ch/pf080_k050_a030,ch,4060732.3655634355
strategic_offers,af-eu-us-apac-row-ch/pf080_k050_a030,eu,1970498.2098960595
strategic_offers,af-eu-us-apac-row-ch/pf080_k050_a030,us,705751.3531929797
strategic_offers,af-eu-us-apac-row-ch/pf080_k050_a030,apac,1182236.8304480372
strategic_offers,af-eu-us-apac-row-ch/pf080_k050_a030,af,471879.94414705643
strategic_offers,af-eu-us-apac-row-ch/pf080_k050_a030,row,1517216.3623412969
strategic_offers,af-eu-us-apac-row-ch/pf080_k050_a030,ALL,9908315.065588865
strategic_offers,af-eu-us-apac-row-ch/pf080_k050_a040,ch,4012852.280603211
strategic_offers,af-eu-us-apac-row-ch/pf080_k050_a040,eu,1924429.6915765197
strategic_offers,af-eu-us-apac-row-ch/pf080_k050_a040,us,714869.6520032019
strategic_offers,af-eu-us-apac-row-ch/pf080_k050_a040,apac,1196895.0220609664
strategic_offers,af-eu-us-apac-row-ch/pf080_k050_a040,af,467550.3379047063
strategic_offers,af-eu-us-apac-row-ch/pf080_k050_a040,row,1526254.41682826
strategic_offers,af-eu-us-apac-row-ch/pf080_k050_a040,ALL,9842851.400976865
strategic_offers,af-eu-us-apac-row-ch/pf100_k050_a030,ch,3979508.141095976
strategic_offers,af-eu-us-apac-row-ch/pf100_k050_a030,eu,1890848.4481973199
strategic_offers,af-eu-us-apac-row-ch/pf100_k050_a030,us,707441.88003416
strategic_offers,af-eu-us-apac-row-ch/pf100_k050_a030,apac,1208420.2150517972
strategic_offers,af-eu-us-apac-row-ch/pf100_k050_a030,af,457604.61762509326
strategic_offers,af-eu-us-apac-row-ch/pf100_k050_a030,row,1532549.2710380221
strategic_offers,af-eu-us-apac-row-ch/pf100_k050_a030,ALL,9776372.573042369
strategic_offers,af-eu-us-apac-row-ch/pf100_k050_a040,ch,3992301.750938449
strategic_offers,af-eu-us-apac-row-ch/pf100_k050_a040,eu,1919793.9211267396
strategic_offers,af-eu-us-apac-row-ch/pf100_k050_a040,us,711642.9258008816
strategic_offers,af-eu-us-apac-row-ch/pf100_k050_a040,apac,1217947.6941382773
strategic_offers,af-eu-us-apac-row-ch/pf100_k050_a040,af,469538.13657029823
strategic_offers,af-eu-us-apac-row-ch/pf100_k050_a040,row,1511606.4168303537
strategic_offers,af-eu-us-apac-row-ch/pf100_k050_a040,ALL,9822830.845405
strategic_offers,af-eu-us-apac-row-ch/pf100_k100_a030,ch,3978773.628397859
strategic_offers,af-eu-us-apac-row-ch/pf100_k100_a030,eu,1923808.3522467117
strategic_offers,af-eu-us-apac-row-ch/pf100_k100_a030,us,711107.0890398292
strategic_offers,af-eu-us-apac-row-ch/pf100_k100_a030,apac,1244801.5482833479
strategic_offers,af-eu-us-apac-row-ch/pf100_k100_a030,af,458615.8425578457
strategic_offers,af-eu-us-apac-row-ch/pf100_k100_a030,row,1512917.368259852
strategic_offers,af-eu-us-apac-row-ch/pf100_k100_a030,ALL,9830023.828785446
strategic_offers,af-eu-us-apac-row-ch/pf100_k100_a040,ch,4029849.519300468
strategic_offers,af-eu-us-apac-row-ch/pf100_k100_a040,eu,1909688.8667362262
strategic_offers,af-eu-us-apac-row-ch/pf100_k100_a040,us,715625.6794820774
strategic_offers,af-eu-us-apac-row-ch/pf100_k100_a040,apac,1222806.1831557225
strategic_offers,af-eu-us-apac-row-ch/pf100_k100_a040,af,469264.1203287036
strategic_offers,af-eu-us-apac-row-ch/pf100_k100_a040,row,1516131.9559563645
strategic_offers,af-eu-us-apac-row-ch/pf100_k100_a040,ALL,9863366.324959561
strategic_offers,af-eu-us-apac-row-ch/pf120_k050_a030,ch,4082761.875859593
strategic_offers,af-eu-us-apac-row-ch/pf120_k050_a030,eu,1955579.3884531353
strategic_offers,af-eu-us-apac-row-ch/pf120_k050_a030,us,699499.3989768663
strategic_offers,af-eu-us-apac-row-ch/pf120_k050_a030,apac,1227710.9350471057
strategic_offers,af-eu-us-apac-row-ch/pf120_k050_a030,af,464312.3691122992
strategic_offers,af-eu-us-apac-row-ch/pf120_k050_a030,row,1521951.2910953283
strategic_offers,af-eu-us-apac-row-ch/pf120_k050_a030,ALL,9951815.258544328
strategic_offers,af-eu-us-apac-row-ch/pf120_k100_a030,ch,4108766.753915172
strategic_offers,af-eu-us-apac-row-ch/pf120_k100_a030,eu,1954204.2042698748
strategic_offers,af-eu-us-apac-row-ch/pf120_k100_a030,us,698815.9625568439
strategic_offers,af-eu-us-apac-row-ch/pf120_k100_a030,apac,1230398.1316511428
strategic_offers,af-eu-us-apac-row-ch/pf120_k100_a030,af,474297.76954151894
strategic_offers,af-eu-us-apac-row-ch/pf120_k100_a030,row,1523366.5747225455
strategic_offers,af-eu-us-apac-row-ch/pf120_k100_a030,ALL,9989849.396657098
strategic_offers,af-eu-us-apac-row-ch/pf120_k100_a040,ch,4071225.3812288805
strategic_offers,af-eu-us-apac-row-ch/pf120_k100_a040,eu,1928149.923694331
strategic_offers,af-eu-us-apac-row-ch/pf120_k100_a040,us,698784.7249007125
strategic_offers,af-eu-us-apac-row-ch/pf120_k100_a040,apac,1268571.015563313
strategic_offers,af-eu-us-apac-row-ch/pf120_k100_a040,af,464796.08601924183
strategic_offers,af-eu-us-apac-row-ch/pf120_k100_a040,row,1505165.1264549235
strategic_offers,af-eu-us-apac-row-ch/pf120_k100_a040,ALL,9936692.257861402
strategic_offers,eu-us-af-row-apac-ch/pf080_k050_a030,ch,4054703.9620302496
strategic_offers,eu-us-af-row-apac-ch/pf080_k050_a030,eu,1983395.560831788
strategic_offers,eu-us-af-row-apac-ch/pf080_k050_a030,us,697227.3082746845
strategic_offers,eu-us-af-row-apac-ch/pf080_k050_a030,apac,1209052.4014725545
strategic_offers,eu-us-af-row-apac-ch/pf080_k050_a030,af,470049.67457212554
strategic_offers,eu-us-af-row-apac-ch/pf080_k050_a030,row,1518390.4081749122
strategic_offers,eu-us-af-row-apac-ch/pf080_k050_a030,ALL,9932819.315356314
strategic_offers,eu-us-af-row-apac-ch/pf080_k050_a040,ch,4038112.522626947
strategic_offers,eu-us-af-row-apac-ch/pf080_k050_a040,eu,1919072.5782183034
strategic_offers,eu-us-af-row-apac-ch/pf080_k050_a040,us,708811.4940066234
strategic_offers,eu-us-af-row-apac-ch/pf080_k050_a040,apac,1209873.0676240076
strategic_offers,eu-us-af-row-apac-ch/pf080_k050_a040,af,459852.19076897565
strategic_offers,eu-us-af-row-apac-ch/pf080_k050_a040,row,1515587.2675525267
strategic_offers,eu-us-af-row-apac-ch/pf080_k050_a040,ALL,9851309.120797385
strategic_offers,eu-us-af-row-apac-ch/pf100_k050_a030,ch,3985745.7873992478
strategic_offers,eu-us-af-row-apac-ch/pf100_k050_a030,eu,1933327.5226422837
strategic_offers,eu-us-af-row-apac-ch/pf100_k050_a030,us,701712.602609554
strategic_offers,eu-us-af-row-apac-ch/pf100_k050_a030,apac,1161594.1270989205
strategic_offers,eu-us-af-row-apac-ch/pf100_k050_a030,af,463724.8142593075
strategic_offers,eu-us-af-row-apac-ch/pf100_k050_a030,row,1525054.582700231
strategic_offers,eu-us-af-row-apac-ch/pf100_k050_a030,ALL,9771159.436709544
strategic_offers,eu-us-af-row-apac-ch/pf100_k050_a040,ch,4052285.001609353
strategic_offers,eu-us-af-row-apac-ch/pf100_k050_a040,eu,1927197.17827339
strategic_offers,eu-us-af-row-apac-ch/pf100_k050_a040,us,710291.6336516056
strategic_offers,eu-us-af-row-apac-ch/pf100_k050_a040,apac,1209324.5951863565
strategic_offers,eu-us-af-row-apac-ch/pf100_k050_a040,af,468367.23545433255
strategic_offers,eu-us-af-row-apac-ch/pf100_k050_a040,row,1521298.0722876943
strategic_offers,eu-us-af-row-apac-ch/pf100_k050_a040,ALL,9888763.716462731
strategic_offers,eu-us-af-row-apac-ch/pf100_k100_a030,ch,4024656.139423198
strategic_offers,eu-us-af-row-apac-ch/pf100_k100_a030,eu,1919972.9129707434
strategic_offers,eu-us-af-row-apac-ch/pf100_k100_a030,us,699682.7874286311
strategic_offers,eu-us-af-row-apac-ch/pf100_k100_a030,apac,1239875.4621235868
strategic_offers,eu-us-af-row-apac-ch/pf100_k100_a030,af,463912.9345898251
strategic_offers,eu-us-af-row-apac-ch/pf100_k100_a030,row,1512612.7803923846
strategic_offers,eu-us-af-row-apac-ch/pf100_k100_a030,ALL,9860713.01692837
strategic_offers,eu-us-af-row-apac-ch/pf100_k100_a040,ch,4046588.579929187
strategic_offers,eu-us-af-row-apac-ch/pf100_k100_a040,eu,1913547.1742105212
strategic_offers,eu-us-af-row-apac-ch/pf100_k100_a040,us,713942.4188610417
strategic_offers,eu-us-af-row-apac-ch/pf100_k100_a040,apac,1197035.5846439432
strategic_offers,eu-us-af-row-apac-ch/pf100_k100_a040,af,464149.9498247836
strategic_offers,eu-us-af-row-apac-ch/pf100_k100_a040,row,1521132.242235411
strategic_offers,eu-us-af-row-apac-ch/pf100_k100_a040,ALL,9856395.949704887
strategic_offers,eu-us-af-row-apac-ch/pf120_k050_a030,ch,4061156.4250334
strategic_offers,eu-us-af-row-apac-ch/pf120_k050_a030,eu,1962258.800312796
strategic_offers,eu-us-af-row-apac-ch/pf120_k050_a030,us,700434.5399428247
strategic_offers,eu-us-af-row-apac-ch/pf120_k050_a030,apac,1213810.8689062644
strategic_offers,eu-us-af-row-apac-ch/pf120_k050_a030,af,462641.32516112784
strategic_offers,eu-us-af-row-apac-ch/pf120_k050_a030,row,1512968.1996335592
strategic_offers,eu-us-af-row-apac-ch/pf120_k050_a030,ALL,9913270.158989972
strategic_offers,eu-us-af-row-apac-ch/pf120_k050_a040,ch,3976556.244819898
strategic_offers,eu-us-af-row-apac-ch/pf120_k050_a040,eu,1796835.4960062334
strategic_offers,eu-us-af-row-apac-ch/pf120_k050_a040,us,725520.3158860112
strategic_offers,eu-us-af-row-apac-ch/pf120_k050_a040,apac,1118235.433752567
strategic_offers,eu-us-af-row-apac-ch/pf120_k050_a040,af,426505.6885910075
strategic_offers,eu-us-af-row-apac-ch/pf120_k050_a040,row,1683384.6212577887
strategic_offers,eu-us-af-row-apac-ch/pf120_k050_a040,ALL,9727037.800313506
strategic_offers,eu-us-af-row-apac-ch/pf120_k100_a040,ch,4127851.5544922785
strategic_offers,eu-us-af-row-apac-ch/pf120_k100_a040,eu,1946786.2306745138
strategic_offers,eu-us-af-row-apac-ch/pf120_k100_a040,us,705358.5704404671
strategic_offers,eu-us-af-row-apac-ch/pf120_k100_a040,apac,1229368.8505884365
strategic_offers,eu-us-af-row-apac-ch/pf120_k100_a040,af,466040.86980614276
strategic_offers,eu-us-af-row-apac-ch/pf120_k100_a040,row,1529960.3690377166
strategic_offers,eu-us-af-row-apac-ch/pf120_k100_a040,ALL,10005366.445039555
fixed_cost_offers,ch-af-eu-us-row-apac/pf100_k050_a030,ch,4171262.2509776074
fixed_cost_offers,ch-af-eu-us-row-apac/pf100_k050_a030,eu,2042296.6545637436
fixed_cost_offers,ch-af-eu-us-row-apac/pf100_k050_a030,us,757628.776373175
fixed_cost_offers,ch-af-eu-us-row-apac/pf100_k050_a030,apac,1075683.0579512366
fixed_cost_offers,ch-af-eu-us-row-apac/pf100_k050_a030,af,483296.21546748956
fixed_cost_offers,ch-af-eu-us-row-apac/pf100_k050_a030,row,1584895.2727039119
fixed_cost_offers,ch-af-eu-us-row-apac/pf100_k050_a030,ALL,10115062.228037164
fixed_cost_offers,ch-row-apac-us-eu-af/pf100_k050_a040,ch,4120967.970615697
fixed_cost_offers,ch-row-apac-us-eu-af/pf100_k050_a040,eu,2066011.5222276493
fixed_cost_offers,ch-row-apac-us-eu-af/pf100_k050_a040,us,774576.5772369785
fixed_cost_offers,ch-row-apac-us-eu-af/pf100_k050_a040,apac,1072212.9265591756
fixed_cost_offers,ch-row-apac-us-eu-af/pf100_k050_a040,af,485401.6127296828
fixed_cost_offers,ch-row-apac-us-eu-af/pf100_k050_a040,row,1603101.0403331597
fixed_cost_offers,ch-row-apac-us-eu-af/pf100_k050_a040,ALL,10122271.649702342
fixed_cost_offers,us-apac-af-row-eu-ch/pf100_k050_a040,ch,4154464.8040045793
fixed_cost_offers,us-apac-af-row-eu-ch/pf100_k050_a040,eu,2053512.7432295675
fixed_cost_offers,us-apac-af-row-eu-ch/pf100_k050_a040,us,764585.807141943
fixed_cost_offers,us-apac-af-row-eu-ch/pf100_k050_a040,apac,1072156.2682550773
fixed_cost_offers,us-apac-af-row-eu-ch/pf100_k050_a040,af,483364.6790462304
fixed_cost_offers,us-apac-af-row-eu-ch/pf100_k050_a040,row,1591459.8590709965
fixed_cost_offers,us-apac-af-row-eu-ch/pf100_k050_a040,ALL,10119544.160748394
